,ts,uid,id.orig_h,id.orig_p,id.resp_h,id.resp_p,proto,service,duration,orig_bytes,resp_bytes,conn_state,local_orig,local_resp,missed_bytes,history,orig_pkts,orig_ip_bytes,resp_pkts,resp_ip_bytes,label
14889,1536227046.588124,CHXIBW1FkcY3dLubSl,192.168.100.111,17576.0,9.91.154.223,8081.0,tcp,-,2e-06,0,0,S0,-,-,0.0,S,2.0,80.0,0.0,0.0,PartOfAHorizontalPortScan
21209,1536227056.675057,CKbdEm5JWz6zfi1E7,192.168.100.111,17576.0,104.104.223.203,8081.0,tcp,-,2e-06,0,0,S0,-,-,0.0,S,2.0,80.0,0.0,0.0,PartOfAHorizontalPortScan
27607,1536227066.7665071,CmOd6X1xQJGyEyzjv7,192.168.100.111,17576.0,66.81.21.82,8081.0,tcp,-,2e-06,0,0,S0,-,-,0.0,S,2.0,80.0,0.0,0.0,PartOfAHorizontalPortScan
104415,1536227188.001918,CwMApOodRvhCcJy6d,192.168.100.111,17576.0,222.243.168.187,8081.0,tcp,-,2e-06,0,0,S0,-,-,0.0,S,2.0,80.0,0.0,0.0,PartOfAHorizontalPortScan
118519,1536227210.245126,C4OldX2UrejGBHQwzi,192.168.100.111,17576.0,90.98.34.160,8081.0,tcp,-,5e-06,0,0,S0,-,-,0.0,S,2.0,80.0,0.0,0.0,PartOfAHorizontalPortScan
122170,1536227215.9201212,CXkTqY2zW7i6VA9k3a,192.168.100.111,18088.0,212.52.136.25,80.0,tcp,-,6e-06,0,0,S0,-,-,0.0,S,2.0,80.0,0.0,0.0,PartOfAHorizontalPortScan
123266,1536227217.426522,CR6tvINSPHnUN2OQl,192.168.100.111,17832.0,41.11.169.51,37215.0,tcp,-,2e-06,0,0,S0,-,-,0.0,S,2.0,80.0,0.0,0.0,Okiru
125920,1536227221.4779491,CRHOkW0ZOcFvsHM9e,192.168.100.111,17832.0,41.163.183.66,37215.0,tcp,-,0.00023500000000000002,0,0,S0,-,-,0.0,S,2.0,80.0,0.0,0.0,Okiru
141778,1536227246.66975,Chqtg32oqIazzeJtP3,192.168.100.111,18344.0,197.185.45.237,52869.0,tcp,-,2e-06,0,0,S0,-,-,0.0,S,2.0,80.0,0.0,0.0,DDoS
171153,1536227293.179083,CcKTpOMI02bD22774,192.168.100.111,18344.0,41.126.28.4,52869.0,tcp,-,5e-06,0,0,S0,-,-,0.0,S,2.0,80.0,0.0,0.0,DDoS
180531,1536227308.1610029,CZFAxP1JMwq8paMt19,192.168.100.111,18088.0,197.130.244.147,80.0,tcp,-,2e-06,0,0,S0,-,-,0.0,S,2.0,80.0,0.0,0.0,PartOfAHorizontalPortScan
181045,1536227309.164189,CUd95w18B5py1m7qj5,192.168.100.111,18088.0,50.134.94.238,80.0,tcp,-,2e-06,0,0,S0,-,-,0.0,S,2.0,80.0,0.0,0.0,PartOfAHorizontalPortScan
208412,1536227351.959671,CVcjILcCA7PS0L0Pj,192.168.100.111,17832.0,156.124.25.173,37215.0,tcp,-,2e-06,0,0,S0,-,-,0.0,S,2.0,80.0,0.0,0.0,Okiru
214366,1536227361.755808,C7T7KPkHJOy1JlrKf,192.168.100.111,18088.0,148.74.32.4,80.0,tcp,-,2e-06,0,0,S0,-,-,0.0,S,2.0,80.0,0.0,0.0,PartOfAHorizontalPortScan
258480,1536227430.864998,ChRB4q4fib3YMTFzb1,192.168.100.111,17832.0,197.62.167.234,37215.0,tcp,-,2e-06,0,0,S0,-,-,0.0,S,2.0,80.0,0.0,0.0,Okiru
260873,1536227434.75202,CxkcVo4jC0G7WD5ach,192.168.100.111,18344.0,156.251.17.109,52869.0,tcp,-,2e-06,0,0,S0,-,-,0.0,S,2.0,80.0,0.0,0.0,DDoS
265214,1536227441.798745,C5ZhUC46NaQo3zB0Y7,192.168.100.111,17576.0,53.169.193.20,8081.0,tcp,-,2e-06,0,0,S0,-,-,0.0,S,2.0,80.0,0.0,0.0,PartOfAHorizontalPortScan
265470,1536227441.986384,CExBsnCUj5LkeQYj2,192.168.100.111,17832.0,41.201.5.219,37215.0,tcp,-,2e-06,0,0,S0,-,-,0.0,S,2.0,80.0,0.0,0.0,Okiru
266399,1536227443.818825,CPyYR72vfyS9zZNoM7,192.168.100.111,18088.0,57.175.126.181,80.0,tcp,-,6e-06,0,0,S0,-,-,0.0,S,2.0,80.0,0.0,0.0,PartOfAHorizontalPortScan
268631,1536227447.041491,CPDLkI3f3ClSJWuelj,192.168.100.111,17832.0,197.222.77.103,37215.0,tcp,-,2e-06,0,0,S0,-,-,0.0,S,2.0,80.0,0.0,0.0,Okiru
271160,1536227451.085167,CF7msDAbs1cIWdIU2,192.168.100.111,17832.0,41.247.187.161,37215.0,tcp,-,5e-06,0,0,S0,-,-,0.0,S,2.0,80.0,0.0,0.0,Okiru
278981,1536227463.229482,C5E3D52M1KP9wreXyg,192.168.100.111,17832.0,41.217.235.224,37215.0,tcp,-,2e-06,0,0,S0,-,-,0.0,S,2.0,80.0,0.0,0.0,Okiru
296704,1536227491.539027,CypKMb0xYHgAjr0Re,192.168.100.111,17832.0,41.86.36.123,37215.0,tcp,-,2e-06,0,0,S0,-,-,0.0,S,2.0,80.0,0.0,0.0,Okiru
301151,1536227498.617732,CQbp474Iubgdzdy86k,192.168.100.111,17832.0,156.17.206.62,37215.0,tcp,-,2e-06,0,0,S0,-,-,0.0,S,2.0,80.0,0.0,0.0,Okiru
342166,1536227563.341708,Cudph01icFDoQ9cC1a,192.168.100.111,17832.0,156.6.205.234,37215.0,tcp,-,2e-06,0,0,S0,-,-,0.0,S,2.0,80.0,0.0,0.0,Okiru
358562,1536227589.438277,CfBPN14igZdWSq7Jee,192.168.100.111,18088.0,13.108.65.189,80.0,tcp,-,6e-06,0,0,S0,-,-,0.0,S,2.0,80.0,0.0,0.0,PartOfAHorizontalPortScan
368022,1536227604.589629,CKJxUC1nIfs0768och,192.168.100.111,17576.0,95.222.15.98,8081.0,tcp,-,2e-06,0,0,S0,-,-,0.0,S,2.0,80.0,0.0,0.0,PartOfAHorizontalPortScan
379536,1536227622.791468,Ck9rVy4bc2WtWcgS41,192.168.100.111,17576.0,217.54.104.221,8081.0,tcp,-,3e-06,0,0,S0,-,-,0.0,S,2.0,80.0,0.0,0.0,PartOfAHorizontalPortScan
380379,1536227623.824866,C3qjmC2b7CKDj8vJE4,192.168.100.111,18088.0,128.54.228.109,8080.0,tcp,-,5e-06,0,0,S0,-,-,0.0,S,2.0,80.0,0.0,0.0,PartOfAHorizontalPortScan
384664,1536227630.88208,Cmql4yLaq1veR97T8,192.168.100.111,17576.0,120.211.22.203,8081.0,tcp,-,6e-06,0,0,S0,-,-,0.0,S,2.0,80.0,0.0,0.0,PartOfAHorizontalPortScan
389200,1536227637.965543,CUFAXj319X2t18NLrf,192.168.100.111,17576.0,35.48.25.135,8081.0,tcp,-,2e-06,0,0,S0,-,-,0.0,S,2.0,80.0,0.0,0.0,PartOfAHorizontalPortScan
392624,1536227643.046133,CjIBqM1jrvzwhyXNe8,192.168.100.111,18088.0,212.249.139.22,80.0,tcp,-,2e-06,0,0,S0,-,-,0.0,S,2.0,80.0,0.0,0.0,PartOfAHorizontalPortScan
393279,1536227644.058056,CnimE44CaxtvzqYyua,192.168.100.111,18088.0,212.192.208.139,80.0,tcp,-,2e-06,0,0,S0,-,-,0.0,S,2.0,80.0,0.0,0.0,PartOfAHorizontalPortScan
400508,1536227655.446545,CyQ2Gc1x2BpdBDZLK7,192.168.100.111,18344.0,156.202.38.176,52869.0,tcp,-,2e-06,0,0,S0,-,-,0.0,S,2.0,80.0,0.0,0.0,DDoS
431197,1536227703.926584,CEVgge4ExVoh6v4si4,192.168.100.111,17832.0,41.204.109.50,37215.0,tcp,-,2e-06,0,0,S0,-,-,0.0,S,2.0,80.0,0.0,0.0,Okiru
437386,1536227713.834922,CvU9V82gFPVveDXr4c,192.168.100.111,18088.0,36.43.178.110,80.0,tcp,-,2e-06,0,0,S0,-,-,0.0,S,2.0,80.0,0.0,0.0,PartOfAHorizontalPortScan
438726,1536227715.860763,CwpmUm4dit3KnBEfQ8,192.168.100.111,18088.0,212.82.108.80,80.0,tcp,-,2e-06,0,0,S0,-,-,0.0,S,2.0,80.0,0.0,0.0,PartOfAHorizontalPortScan
453219,1536227739.093987,CiN8O5bjLrLsp7jp8,192.168.100.111,17576.0,88.114.24.1,8081.0,tcp,-,2e-06,0,0,S0,-,-,0.0,S,2.0,80.0,0.0,0.0,PartOfAHorizontalPortScan
455701,1536227742.451319,CT0cIi2phe45UcrmO6,192.168.100.111,18344.0,41.24.236.156,52869.0,tcp,-,2e-06,0,0,S0,-,-,0.0,S,2.0,80.0,0.0,0.0,DDoS
469356,1536227764.39254,C6m4w8mmqFSQpSrP1,192.168.100.111,18088.0,212.75.29.21,80.0,tcp,-,2e-06,0,0,S0,-,-,0.0,S,2.0,80.0,0.0,0.0,PartOfAHorizontalPortScan
718,1545336791.530581,CFLuWE4DXovbO2DDUk,192.168.1.197,44002.0,156.34.144.177,52869.0,tcp,-,-,-,-,S0,-,-,0.0,S,1.0,40.0,0.0,0.0,PartOfAHorizontalPortScan
56743,1545336879.617811,Cf7RoErT3AbtYulAb,192.168.1.197,38114.0,166.177.194.15,8081.0,tcp,-,-,-,-,S0,-,-,0.0,S,1.0,40.0,0.0,0.0,PartOfAHorizontalPortScan
59466,1545336883.7517052,CBwjCX1bLvHRlYW1K9,192.168.1.197,43746.0,212.82.54.89,80.0,tcp,-,-,-,-,S0,-,-,0.0,S,1.0,40.0,0.0,0.0,PartOfAHorizontalPortScan
100258,1545336948.367582,Civrfq22BvsEmRRfAa,192.168.1.197,38114.0,74.209.139.217,8081.0,tcp,-,-,-,-,S0,-,-,0.0,S,1.0,40.0,0.0,0.0,PartOfAHorizontalPortScan
105229,1545336956.240335,Cz6gDq29xHf3SgHZOj,192.168.1.197,44002.0,197.79.251.97,52869.0,tcp,-,-,-,-,S0,-,-,0.0,S,1.0,40.0,0.0,0.0,PartOfAHorizontalPortScan
132022,1545336998.689625,C6hBD54CQNPkIKkvYd,192.168.1.197,38370.0,197.28.155.189,37215.0,tcp,-,-,-,-,S0,-,-,0.0,S,1.0,40.0,0.0,0.0,Okiru
172336,1545337062.520957,CA9Pio14g9yy0NIA9a,192.168.1.197,43746.0,181.44.181.92,80.0,tcp,-,-,-,-,S0,-,-,0.0,S,1.0,40.0,0.0,0.0,PartOfAHorizontalPortScan
181721,1545337077.5771198,C4oFZ62LwcYyXoAzf8,192.168.1.197,38370.0,156.239.225.242,37215.0,tcp,-,-,-,-,S0,-,-,0.0,S,1.0,40.0,0.0,0.0,Okiru
182548,1545337078.7329571,CCDBCa3UCTRictHMZ,192.168.1.197,43746.0,221.98.76.40,80.0,tcp,-,-,-,-,S0,-,-,0.0,S,1.0,40.0,0.0,0.0,PartOfAHorizontalPortScan
184348,1545337081.627808,Cdu0QC1ZkLoQcbJvH4,192.168.1.197,38370.0,156.8.88.141,37215.0,tcp,-,-,-,-,S0,-,-,0.0,S,1.0,40.0,0.0,0.0,Okiru
210787,1545337123.342757,COd50I2g7d4B5BbGP9,192.168.1.197,38114.0,154.35.180.117,8081.0,tcp,-,-,-,-,S0,-,-,0.0,S,1.0,40.0,0.0,0.0,PartOfAHorizontalPortScan
213153,1545337127.1460881,COPIt84KOqVnVx1SU2,192.168.1.197,38370.0,197.178.70.90,37215.0,tcp,-,-,-,-,S0,-,-,0.0,S,1.0,40.0,0.0,0.0,Okiru
220423,1545337138.683009,CjXFaa4n2BrbOArrU9,192.168.1.197,43746.0,212.238.88.94,80.0,tcp,-,-,-,-,S0,-,-,0.0,S,1.0,40.0,0.0,0.0,PartOfAHorizontalPortScan
242954,1545337174.103547,C2zb1F2Bum7g79LWfl,192.168.1.197,43746.0,212.243.230.140,80.0,tcp,-,-,-,-,S0,-,-,0.0,S,1.0,40.0,0.0,0.0,PartOfAHorizontalPortScan
270185,1545337217.3916051,CWBzt84H1IRMf0uihf,192.168.1.197,38114.0,168.178.46.150,8081.0,tcp,-,-,-,-,S0,-,-,0.0,S,1.0,40.0,0.0,0.0,PartOfAHorizontalPortScan
277157,1545337228.299891,Ckarg944t4XA3tTChg,192.168.1.197,38370.0,41.234.129.10,37215.0,tcp,-,-,-,-,S0,-,-,0.0,S,1.0,40.0,0.0,0.0,Okiru
289119,1545337247.169123,C47dLC3lVgEEFzh3Te,192.168.1.197,44002.0,197.97.77.45,52869.0,tcp,-,-,-,-,S0,-,-,0.0,S,1.0,40.0,0.0,0.0,PartOfAHorizontalPortScan
305512,1545337273.088091,COjDa34QQePxzcj2nk,192.168.1.197,38114.0,87.4.133.53,8081.0,tcp,-,-,-,-,S0,-,-,0.0,S,1.0,40.0,0.0,0.0,PartOfAHorizontalPortScan
305931,1545337273.810179,Cav3674w9SBgOV5dtj,192.168.1.197,38370.0,197.242.61.17,37215.0,tcp,-,-,-,-,S0,-,-,0.0,S,1.0,40.0,0.0,0.0,Okiru
318539,1545337293.884979,CQyirB3AepA3h0Wc47,192.168.1.197,44002.0,197.179.249.194,52869.0,tcp,-,-,-,-,S0,-,-,0.0,S,1.0,40.0,0.0,0.0,PartOfAHorizontalPortScan
330006,1545337312.058113,CnY4Sj3MQWgp7yc6jb,192.168.1.197,43746.0,213.245.49.131,80.0,tcp,-,-,-,-,S0,-,-,0.0,S,1.0,40.0,0.0,0.0,PartOfAHorizontalPortScan
363251,1545337364.694339,CzzgWM1rbAZjNBlMoh,192.168.1.197,44002.0,41.157.104.22,52869.0,tcp,-,-,-,-,S0,-,-,0.0,S,1.0,40.0,0.0,0.0,PartOfAHorizontalPortScan
387929,1545337403.499708,CyVpmg2uUnALHHnmvi,192.168.1.197,43746.0,113.101.250.254,80.0,tcp,-,-,-,-,S0,-,-,0.0,S,1.0,40.0,0.0,0.0,PartOfAHorizontalPortScan
395947,1545337416.42484,C0OEQ71VZkaDAv3rul,192.168.1.197,38370.0,41.32.5.209,37215.0,tcp,-,-,-,-,S0,-,-,0.0,S,1.0,40.0,0.0,0.0,Okiru
411009,1545337439.977659,CeaXTQ1i0VuQCoxicd,192.168.1.197,38114.0,90.236.14.161,8081.0,tcp,-,-,-,-,S0,-,-,0.0,S,1.0,40.0,0.0,0.0,PartOfAHorizontalPortScan
419857,1545337454.12909,CG2x3K3FoPx3jTYLwk,192.168.1.197,38114.0,123.10.7.206,8081.0,tcp,-,-,-,-,S0,-,-,0.0,S,1.0,40.0,0.0,0.0,PartOfAHorizontalPortScan
440599,1545337486.806698,CWL4FT1qSwpOyMIUOd,192.168.1.197,43746.0,77.88.180.3,80.0,tcp,-,-,-,-,S0,-,-,0.0,S,1.0,40.0,0.0,0.0,PartOfAHorizontalPortScan
444521,1545337493.330986,CSuzPAabdrDhbBqV8,192.168.1.197,38370.0,41.140.151.25,37215.0,tcp,-,-,-,-,S0,-,-,0.0,S,1.0,40.0,0.0,0.0,Okiru
451421,1545337504.0716019,C73yz014LDH2KZaHtg,192.168.1.197,43746.0,212.146.173.94,80.0,tcp,-,-,-,-,S0,-,-,0.0,S,1.0,40.0,0.0,0.0,PartOfAHorizontalPortScan
455432,1545337510.536676,Cs46hQ1WgFNeP3Xrp,192.168.1.197,38370.0,156.25.103.208,37215.0,tcp,-,-,-,-,S0,-,-,0.0,S,1.0,40.0,0.0,0.0,Okiru
464892,1545337525.4054348,CI2aGu1hMuLVp8Gcmb,192.168.1.197,43746.0,31.233.29.155,8080.0,tcp,-,-,-,-,S0,-,-,0.0,S,1.0,40.0,0.0,0.0,Benign
471853,1545337536.571318,CP9vuEssuoHvNWU49,192.168.1.197,43746.0,212.35.79.243,8080.0,tcp,-,-,-,-,S0,-,-,0.0,S,1.0,40.0,0.0,0.0,Benign
475687,1545337542.66585,CzvdbPrIMwdDLM2N3,192.168.1.197,43746.0,212.73.232.211,80.0,tcp,-,-,-,-,S0,-,-,0.0,S,1.0,40.0,0.0,0.0,PartOfAHorizontalPortScan
481110,1545337551.01359,CpjjWH1CqQFhrRnmL4,192.168.1.197,38370.0,41.127.250.26,37215.0,tcp,-,-,-,-,S0,-,-,0.0,S,1.0,40.0,0.0,0.0,Okiru
488558,1545337562.984756,CEmyQZ3pvwKDxBlWI1,192.168.1.197,43746.0,129.98.242.126,80.0,tcp,-,-,-,-,S0,-,-,0.0,S,1.0,40.0,0.0,0.0,PartOfAHorizontalPortScan
8824,1545466964.225515,C9099T3XAjxC5dYs6k,192.168.1.195,65279.0,123.59.209.185,80.0,tcp,-,-,-,-,OTH,-,-,0.0,C,0.0,0.0,0.0,0.0,DDoS
11783,1545466970.253816,CIHNT53aD9ZuJcL8Yh,192.168.1.195,65279.0,123.59.209.185,80.0,tcp,-,-,-,-,OTH,-,-,0.0,C,0.0,0.0,0.0,0.0,DDoS
5505,1545403488.206079,CxNZhX1ZBchR2ooI72,192.168.1.196,56528.0,219.165.238.231,23.0,tcp,-,-,-,-,S0,-,-,0.0,S,1.0,60.0,0.0,0.0,Benign
16848,1545403604.289616,C1hlH44mZLiFqO3PBg,192.168.1.196,52052.0,64.121.141.182,23.0,tcp,-,3.115724,0,0,S0,-,-,0.0,S,3.0,180.0,0.0,0.0,Benign
41198,1545403857.327346,CyNsX41DhF616GqUue,192.168.1.196,43566.0,207.116.209.175,23.0,tcp,-,-,-,-,S0,-,-,0.0,S,1.0,60.0,0.0,0.0,Benign
43961,1545403886.921452,C06PVy1ucUC1bcOYZ6,192.168.1.196,59604.0,80.169.71.159,23.0,tcp,-,-,-,-,S0,-,-,0.0,S,1.0,60.0,0.0,0.0,Benign
51658,1545403964.1209471,CEmruj1CahHIoIBgd5,192.168.1.196,57392.0,87.55.133.152,23.0,tcp,-,-,-,-,S0,-,-,0.0,S,1.0,60.0,0.0,0.0,Benign
66330,1545404117.241373,CIBK1OCwG0DW7v1qh,192.168.1.196,42462.0,186.172.72.209,23.0,tcp,-,-,-,-,S0,-,-,0.0,S,1.0,60.0,0.0,0.0,Benign
80686,1545404264.319661,CmG2KJ2l78HNLWjZ83,192.168.1.196,36326.0,158.217.155.223,23.0,tcp,-,3.081999,0,0,S0,-,-,0.0,S,3.0,180.0,0.0,0.0,Benign
86404,1545404325.181008,CHRqBt2NcRUOEGMOg7,192.168.1.196,36110.0,102.230.188.170,23.0,tcp,-,3.102245,0,0,S0,-,-,0.0,S,3.0,180.0,0.0,0.0,Benign
90422,1545404363.643861,CM29hR2VwxAXsBvDA5,192.168.1.196,54354.0,109.68.145.79,23.0,tcp,-,-,-,-,S0,-,-,0.0,S,1.0,60.0,0.0,0.0,Benign
106431,1545404531.882078,CmDr422GWKKUR9rF38,192.168.1.196,48858.0,162.124.148.83,23.0,tcp,-,-,-,-,S0,-,-,0.0,S,1.0,60.0,0.0,0.0,Benign
112808,1545404594.521666,CCjbzd1VApet9gJ6si,192.168.1.196,58762.0,133.183.98.77,23.0,tcp,-,-,-,-,S0,-,-,0.0,S,1.0,60.0,0.0,0.0,Benign
115605,1545404623.729534,CLSu8G3JZwgJO8Gzgf,192.168.1.196,53908.0,98.163.204.164,23.0,tcp,-,-,-,-,S0,-,-,0.0,S,1.0,60.0,0.0,0.0,Benign
130633,1545404783.579711,CPet0V18fiSuzyDLD3,192.168.1.196,40566.0,250.191.238.235,23.0,tcp,-,3.102239,0,0,S0,-,-,0.0,S,3.0,180.0,0.0,0.0,Benign
138624,1545404865.090535,CFDuUzB0SnLojsp4j,192.168.1.196,59834.0,191.169.172.86,23.0,tcp,-,3.111712,0,0,S0,-,-,0.0,S,3.0,180.0,0.0,0.0,Benign
138670,1545404866.602667,C6u6SA2RrM4l7hcQg5,192.168.1.196,34610.0,107.154.106.72,23.0,tcp,-,-,-,-,S0,-,-,0.0,S,1.0,60.0,0.0,0.0,Benign
143836,1545404920.843014,C6DJOs3BoHmmfBOgv,192.168.1.196,52518.0,216.230.190.186,23.0,tcp,-,3.118979,0,0,S0,-,-,0.0,S,3.0,180.0,0.0,0.0,Benign
163423,1545405120.342375,CYGpmt3fjELJlqwL1h,192.168.1.196,59832.0,138.113.104.155,23.0,tcp,-,3.143190,0,0,S0,-,-,0.0,S,3.0,180.0,0.0,0.0,Benign
181667,1545405310.44255,CsWftxEK0aMS6kYbi,192.168.1.196,37176.0,33.131.72.23,23.0,tcp,-,-,-,-,S0,-,-,0.0,S,1.0,60.0,0.0,0.0,Benign
195501,1545405454.838505,CwzeFu1yTAtThQjnr2,192.168.1.196,56810.0,138.178.174.245,23.0,tcp,-,3.124457,0,0,S0,-,-,0.0,S,3.0,180.0,0.0,0.0,Benign
211142,1545405615.002986,COOsPQ334PLwSHJnmf,192.168.1.196,51516.0,141.120.68.177,23.0,tcp,-,-,-,-,S0,-,-,0.0,S,1.0,60.0,0.0,0.0,Benign
218313,1545405691.1633232,CnF3L518bb4gCmbVFb,192.168.1.196,44166.0,94.66.108.67,23.0,tcp,-,-,-,-,S0,-,-,0.0,S,1.0,60.0,0.0,0.0,Benign
221072,1545405721.562994,C4nwZk3zxrk2aMZdt9,192.168.1.196,55662.0,83.72.113.112,23.0,tcp,-,-,-,-,S0,-,-,0.0,S,1.0,60.0,0.0,0.0,Benign
223582,1545405744.903176,C9o05i4Q2Nu7m921N9,192.168.1.196,41658.0,155.34.63.127,23.0,tcp,-,3.140260,0,0,S0,-,-,0.0,S,3.0,180.0,0.0,0.0,Benign
248547,1545406003.722178,C8bOoY1jSGo2QT43a2,192.168.1.196,52370.0,136.60.135.95,23.0,tcp,-,3.124469,0,0,S0,-,-,0.0,S,3.0,180.0,0.0,0.0,Benign
271142,1545406239.721693,C2MKWS3cucYqeWMTx6,192.168.1.196,41378.0,122.154.26.129,23.0,tcp,-,-,-,-,S0,-,-,0.0,S,1.0,60.0,0.0,0.0,Benign
282271,1545406354.264815,CFYwPA1P0fBO7KXT2e,192.168.1.196,52370.0,148.255.145.188,23.0,tcp,-,3.137474,0,0,S0,-,-,0.0,S,3.0,180.0,0.0,0.0,Benign
291920,1545406453.481307,CaD2QoshOYQAgDzc2,192.168.1.196,36612.0,255.184.196.166,23.0,tcp,-,-,-,-,S0,-,-,0.0,S,1.0,60.0,0.0,0.0,Benign
295304,1545406484.841383,CSdwMv34AEKGnMbE51,192.168.1.196,53870.0,193.237.117.222,23.0,tcp,-,-,-,-,S0,-,-,0.0,S,1.0,60.0,0.0,0.0,Benign
298260,1545406515.321172,CVwaKo1LEu23t1it25,192.168.1.196,59342.0,122.201.74.107,23.0,tcp,-,-,-,-,S0,-,-,0.0,S,1.0,60.0,0.0,0.0,Benign
299718,1545406530.681188,CR3HE521BS2XkUIhV2,192.168.1.196,51048.0,104.184.143.71,23.0,tcp,-,-,-,-,S0,-,-,0.0,S,1.0,60.0,0.0,0.0,Benign
316906,1545406712.200926,Cv9BCH8zR8HbpoSl4,192.168.1.196,54032.0,120.147.234.225,23.0,tcp,-,-,-,-,S0,-,-,0.0,S,1.0,60.0,0.0,0.0,Benign
317829,1545406721.363885,CNrGAaU1TFhnJmWee,192.168.1.196,55126.0,122.56.51.36,23.0,tcp,-,3.157734,0,0,S0,-,-,0.0,S,3.0,180.0,0.0,0.0,Benign
322411,1545406766.829418,CEtCo64Ygs8BJbOjBl,192.168.1.196,38066.0,174.225.137.221,23.0,tcp,-,3.134228,0,0,S0,-,-,0.0,S,3.0,180.0,0.0,0.0,Benign
325429,1545406797.563858,Ce5N6E13EJLil8VhJ9,192.168.1.196,57896.0,135.83.90.177,23.0,tcp,-,3.118779,0,0,S0,-,-,0.0,S,3.0,180.0,0.0,0.0,Benign
330890,1545406857.760469,C7A67knXEbvLvWGq9,192.168.1.196,53044.0,194.166.88.115,23.0,tcp,-,3.080233,0,0,S0,-,-,0.0,S,3.0,180.0,0.0,0.0,Benign
333529,1545406881.32076,C2f2oR3dGQ4R8yXBr9,192.168.1.196,55286.0,10.19.113.91,23.0,tcp,-,-,-,-,S0,-,-,0.0,S,1.0,60.0,0.0,0.0,Benign
333811,1545406888.60884,CE5Dla3gV9U76xRtt3,192.168.1.196,50102.0,211.105.120.142,23.0,tcp,-,3.112728,0,0,S0,-,-,0.0,S,3.0,180.0,0.0,0.0,Benign
337519,1545406926.121172,CfaAb6XkUoo2vyFQ5,192.168.1.196,43986.0,168.131.185.185,23.0,tcp,-,-,-,-,S0,-,-,0.0,S,1.0,60.0,0.0,0.0,Benign
342114,1545406972.920709,CU0jYI4NAclvC6hM8,192.168.1.196,52928.0,192.194.157.214,23.0,tcp,-,-,-,-,S0,-,-,0.0,S,1.0,60.0,0.0,0.0,Benign
352320,1545407078.281047,CeEPaz3cA2SSbye4xl,192.168.1.196,53146.0,75.175.98.162,23.0,tcp,-,-,-,-,S0,-,-,0.0,S,1.0,60.0,0.0,0.0,Benign
380833,1545407370.120964,Cfo9zQ1JAhcbuBL3Df,192.168.1.196,33664.0,87.221.210.203,23.0,tcp,-,-,-,-,S0,-,-,0.0,S,1.0,60.0,0.0,0.0,Benign
390672,1545407475.48085,Cwh6oo2X9KBxKBlaBj,192.168.1.196,41402.0,170.183.182.136,23.0,tcp,-,-,-,-,S0,-,-,0.0,S,1.0,60.0,0.0,0.0,Benign
394567,1545407514.3116949,C79Ikm3pnGF3Cy3KI5,192.168.1.196,44706.0,117.90.97.154,23.0,tcp,-,3.092472,0,0,S0,-,-,0.0,S,3.0,180.0,0.0,0.0,Benign
430009,1545407885.960368,Cl8gJ04XDQ9BCdMZw1,192.168.1.196,35964.0,162.157.250.206,23.0,tcp,-,-,-,-,S0,-,-,0.0,S,1.0,60.0,0.0,0.0,Benign
431235,1545407895.229574,CfeUIt26qRyRtioewg,192.168.1.196,38648.0,162.220.148.162,23.0,tcp,-,3.130467,0,0,S0,-,-,0.0,S,3.0,180.0,0.0,0.0,Benign
431499,1545407901.320142,C9t8yE45K64XfYfhDh,192.168.1.196,57452.0,102.22.26.136,23.0,tcp,-,-,-,-,S0,-,-,0.0,S,1.0,60.0,0.0,0.0,Benign
437904,1545407963.640048,CpPbcn3EpKA4M3QuZ,192.168.1.196,53486.0,221.78.179.168,23.0,tcp,-,-,-,-,S0,-,-,0.0,S,1.0,60.0,0.0,0.0,Benign
480866,1545408413.986284,C1gt31fkfROHSiVog,192.168.1.196,39482.0,86.122.36.106,23.0,tcp,-,3.095745,0,0,S0,-,-,0.0,S,3.0,180.0,0.0,0.0,Benign
487625,1545408482.124969,CeKJuz4n5OZLQ4P4F2,192.168.1.196,58466.0,137.66.147.91,23.0,tcp,-,-,-,-,S0,-,-,0.0,S,1.0,60.0,0.0,0.0,Benign
43701,1545396090.215238,CXz6IB495kBUZnMOi5,192.168.1.198,36097.0,66.62.183.244,37215.0,tcp,-,-,-,-,S0,-,-,0.0,S,1.0,40.0,0.0,0.0,Okiru
54942,1545396161.270843,CS7vuq3DgDIh7yUtfe,192.168.1.198,36097.0,155.161.238.114,37215.0,tcp,-,-,-,-,S0,-,-,0.0,S,1.0,40.0,0.0,0.0,Okiru
60606,1545396197.802952,CGJKp5uUPmmGgJEt9,192.168.1.198,36097.0,197.72.87.137,37215.0,tcp,-,-,-,-,S0,-,-,0.0,S,1.0,40.0,0.0,0.0,Okiru
60921,1545396199.832543,C5sZDR2Ifn3jrK1WV2,192.168.1.198,36097.0,75.112.7.178,37215.0,tcp,-,-,-,-,S0,-,-,0.0,S,1.0,40.0,0.0,0.0,Okiru
76561,1545396298.299519,Co3HGG1fOz79TC3sx4,192.168.1.198,36097.0,40.70.11.46,37215.0,tcp,-,-,-,-,S0,-,-,0.0,S,1.0,40.0,0.0,0.0,Okiru
87736,1545396369.246238,CUH6Dx37yDVsBRAXg,192.168.1.198,36097.0,138.250.241.86,37215.0,tcp,-,-,-,-,S0,-,-,0.0,S,1.0,40.0,0.0,0.0,Okiru
100418,1545396449.1148849,C6AQdT3SkbEP7gy5d3,192.168.1.198,36097.0,63.123.252.122,37215.0,tcp,-,-,-,-,S0,-,-,0.0,S,1.0,40.0,0.0,0.0,Okiru
113176,1545396529.99397,CjkqK21JN0fMLw1F7b,192.168.1.198,36097.0,71.200.199.25,37215.0,tcp,-,-,-,-,S0,-,-,0.0,S,1.0,40.0,0.0,0.0,Okiru
130106,1545396636.657362,CLogAD4yjUmnlkVgpk,192.168.1.198,36097.0,76.232.230.21,37215.0,tcp,-,-,-,-,S0,-,-,0.0,S,1.0,40.0,0.0,0.0,Okiru
133960,1545396661.017467,C09Y7DXpP8nQggJqg,192.168.1.198,36097.0,44.216.128.103,37215.0,tcp,-,-,-,-,S0,-,-,0.0,S,1.0,40.0,0.0,0.0,Okiru
147362,1545396745.272906,C2MEBc10QGBUiCX2Kh,192.168.1.198,36097.0,184.204.130.198,37215.0,tcp,-,-,-,-,S0,-,-,0.0,S,1.0,40.0,0.0,0.0,Okiru
197269,1545397061.114099,Cbmb5rsZbBMUd4g1k,192.168.1.198,36097.0,40.23.182.65,37215.0,tcp,-,-,-,-,S0,-,-,0.0,S,1.0,40.0,0.0,0.0,Okiru
199015,1545397072.234759,CZaWoO2YNbyhI3LVW,192.168.1.198,36097.0,110.167.98.71,37215.0,tcp,-,-,-,-,S0,-,-,0.0,S,1.0,40.0,0.0,0.0,Okiru
244855,1545397361.270804,ComDzj4iE1V2NqCjfl,192.168.1.198,36097.0,41.167.86.81,37215.0,tcp,-,-,-,-,S0,-,-,0.0,S,1.0,40.0,0.0,0.0,Okiru
253775,1545397416.216991,CmfsLBj55PFCSDB28,192.168.1.198,36097.0,117.69.254.210,37215.0,tcp,-,-,-,-,S0,-,-,0.0,S,1.0,40.0,0.0,0.0,Okiru
283765,1545397607.0290382,CCEzbG4HBtb635eWv7,192.168.1.198,36097.0,135.179.126.29,37215.0,tcp,-,-,-,-,S0,-,-,0.0,S,1.0,40.0,0.0,0.0,Okiru
301934,1545397721.364649,CuAmhh3y80jGvKuSkl,192.168.1.198,36097.0,94.140.221.238,37215.0,tcp,-,-,-,-,S0,-,-,0.0,S,1.0,40.0,0.0,0.0,Okiru
322154,1545397848.762017,CBrAM21M2UQzfjhY16,192.168.1.198,36097.0,154.46.189.215,37215.0,tcp,-,-,-,-,S0,-,-,0.0,S,1.0,40.0,0.0,0.0,Okiru
347573,1545398009.447992,CXkRyCedzzq8mJUch,192.168.1.198,36097.0,8.10.140.97,37215.0,tcp,-,-,-,-,S0,-,-,0.0,S,1.0,40.0,0.0,0.0,Okiru
349475,1545398021.576001,C5V9LV2sAZ8bWw1Ome,192.168.1.198,36097.0,97.201.74.155,37215.0,tcp,-,-,-,-,S0,-,-,0.0,S,1.0,40.0,0.0,0.0,Okiru
373775,1545398173.9652321,CRLdch2EzT4m45ktF3,192.168.1.198,36097.0,180.117.131.148,37215.0,tcp,-,-,-,-,S0,-,-,0.0,S,1.0,40.0,0.0,0.0,Okiru
380651,1545398217.608197,CMskNd1pj7nDkLQtX9,192.168.1.198,36097.0,223.43.74.185,37215.0,tcp,-,-,-,-,S0,-,-,0.0,S,1.0,40.0,0.0,0.0,Okiru
385893,1545398250.981815,C4awVR2jOGlNU2243d,192.168.1.198,36097.0,145.47.178.166,37215.0,tcp,-,-,-,-,S0,-,-,0.0,S,1.0,40.0,0.0,0.0,Okiru
397039,1545398321.717773,CMT5L7J552YEYvSrj,192.168.1.198,36097.0,5.219.18.130,37215.0,tcp,-,-,-,-,S0,-,-,0.0,S,1.0,40.0,0.0,0.0,Okiru
403404,1545398361.137698,CtNrGxBWCMTZ53501,192.168.1.198,36097.0,177.204.206.139,37215.0,tcp,-,-,-,-,S0,-,-,0.0,S,1.0,40.0,0.0,0.0,Okiru
416895,1545398447.032527,Crzb2J11fRHRxyXxXl,192.168.1.198,36097.0,5.91.18.94,37215.0,tcp,-,-,-,-,S0,-,-,0.0,S,1.0,40.0,0.0,0.0,Okiru
421616,1545398476.346493,CCNP6HiH1vDbyAyi9,192.168.1.198,36097.0,176.85.173.44,37215.0,tcp,-,-,-,-,S0,-,-,0.0,S,1.0,40.0,0.0,0.0,Okiru
422408,1545398481.399354,Cgsoqb12SPpRrATVi4,192.168.1.198,36097.0,111.136.230.156,37215.0,tcp,-,-,-,-,S0,-,-,0.0,S,1.0,40.0,0.0,0.0,Okiru
424288,1545398493.524907,CdO6rY2jrv7ECX2RZ1,192.168.1.198,36097.0,20.240.134.158,37215.0,tcp,-,-,-,-,S0,-,-,0.0,S,1.0,40.0,0.0,0.0,Okiru
444919,1545398622.891926,CJaa1X12BxKQzz2IA3,192.168.1.198,36097.0,187.67.196.103,37215.0,tcp,-,-,-,-,S0,-,-,0.0,S,1.0,40.0,0.0,0.0,Okiru
447210,1545398638.043755,C6qaVk2qJuhtjuJOQl,192.168.1.198,36097.0,43.182.196.7,37215.0,tcp,-,-,-,-,S0,-,-,0.0,S,1.0,40.0,0.0,0.0,Okiru
450827,1545398660.280792,CJcrbv4tnxoa325CJ3,192.168.1.198,36097.0,166.82.34.92,37215.0,tcp,-,-,-,-,S0,-,-,0.0,S,1.0,40.0,0.0,0.0,Okiru
467823,1545398767.410314,CSahXY1aiWTiaLlCb,192.168.1.198,36097.0,48.175.240.190,37215.0,tcp,-,-,-,-,S0,-,-,0.0,S,1.0,40.0,0.0,0.0,Okiru
471213,1545398789.635121,CxoK9d2WdlPHhzHOSg,192.168.1.198,36097.0,143.198.124.81,37215.0,tcp,-,-,-,-,S0,-,-,0.0,S,1.0,40.0,0.0,0.0,Okiru
481269,1545398852.295567,C3hvjNsPQl5dgao24,192.168.1.198,36097.0,71.215.40.168,37215.0,tcp,-,-,-,-,S0,-,-,0.0,S,1.0,40.0,0.0,0.0,Okiru
497396,1545398954.3602722,CiA4wt4TRAGUHvYgz2,192.168.1.198,36097.0,175.48.171.220,37215.0,tcp,-,-,-,-,S0,-,-,0.0,S,1.0,40.0,0.0,0.0,Okiru
8948,1547066048.450883,CB3K4L7VE7Vmk3Rhj,192.168.1.194,39653.0,138.237.121.191,22.0,tcp,-,-,-,-,S0,-,-,0.0,S,1.0,40.0,0.0,0.0,PartOfAHorizontalPortScan
58016,1547066057.133184,Cuadb247fJm39wfed2,192.168.1.194,33118.0,108.250.11.193,22.0,tcp,-,-,-,-,S0,-,-,0.0,S,1.0,40.0,0.0,0.0,PartOfAHorizontalPortScan
65667,1547066058.4744189,CygzE34ygWyVcZ46i,192.168.1.194,46092.0,192.19.31.236,22.0,tcp,-,-,-,-,S0,-,-,0.0,S,1.0,40.0,0.0,0.0,PartOfAHorizontalPortScan
74617,1547066060.0410259,CBH8XM1fJRKTT1bVCd,192.168.1.194,40734.0,19.128.6.228,22.0,tcp,-,-,-,-,S0,-,-,0.0,S,1.0,40.0,0.0,0.0,PartOfAHorizontalPortScan
81896,1547066061.3045561,CEKIJhbgollZVhsld,192.168.1.194,39836.0,113.180.61.234,22.0,tcp,-,-,-,-,S0,-,-,0.0,S,1.0,40.0,0.0,0.0,PartOfAHorizontalPortScan
84618,1547066061.780784,CgJ2jF34p3PmHUtAXa,192.168.1.194,34339.0,182.216.110.20,22.0,tcp,-,-,-,-,S0,-,-,0.0,S,1.0,40.0,0.0,0.0,PartOfAHorizontalPortScan
92971,1547066063.248698,C7HSkP2JpdqoG2f1Ph,192.168.1.194,52323.0,27.106.121.231,22.0,tcp,-,-,-,-,S0,-,-,0.0,S,1.0,40.0,0.0,0.0,PartOfAHorizontalPortScan
95614,1547066063.712433,CkKrgx1g3lepW1peS3,192.168.1.194,52243.0,180.153.134.95,22.0,tcp,-,-,-,-,S0,-,-,0.0,S,1.0,40.0,0.0,0.0,PartOfAHorizontalPortScan
102791,1547066083.918668,C1IpQJ21hWH7ge1rel,192.168.1.194,48483.0,23.53.146.150,22.0,tcp,-,-,-,-,S0,-,-,0.0,S,1.0,40.0,0.0,0.0,PartOfAHorizontalPortScan
106562,1547066084.559549,C4dbYj4GS0yBKyt9Ch,192.168.1.194,44539.0,142.3.193.33,22.0,tcp,-,-,-,-,S0,-,-,0.0,S,1.0,40.0,0.0,0.0,PartOfAHorizontalPortScan
114166,1547066085.8743,CO3vzB2V1drVcJ6RIl,192.168.1.194,56475.0,223.145.136.166,22.0,tcp,-,-,-,-,S0,-,-,0.0,S,1.0,40.0,0.0,0.0,PartOfAHorizontalPortScan
123432,1547066087.490378,CbPx3W15Sdlnr7aRo9,192.168.1.194,33913.0,187.25.165.171,22.0,tcp,-,-,-,-,S0,-,-,0.0,S,1.0,40.0,0.0,0.0,PartOfAHorizontalPortScan
132384,1547066088.981279,CcQ2DgS960nacRIwh,192.168.1.194,50872.0,76.1.48.220,22.0,tcp,-,-,-,-,S0,-,-,0.0,S,1.0,40.0,0.0,0.0,PartOfAHorizontalPortScan
181501,1547066097.201847,CxUvZG2d9Ao0Ywlrk5,192.168.1.194,50517.0,86.219.76.116,22.0,tcp,-,-,-,-,S0,-,-,0.0,S,1.0,40.0,0.0,0.0,PartOfAHorizontalPortScan
194980,1547066099.489038,CrPtU94goA9fARpk18,192.168.1.194,38428.0,141.185.140.89,22.0,tcp,-,-,-,-,S0,-,-,0.0,S,1.0,40.0,0.0,0.0,PartOfAHorizontalPortScan
202226,1547066119.456161,CeUA7v129gsWAH3aui,192.168.1.194,59083.0,8.31.113.181,22.0,tcp,-,-,-,-,S0,-,-,0.0,S,1.0,40.0,0.0,0.0,PartOfAHorizontalPortScan
210001,1547066120.810386,CAKhfK2i911jAHbfMf,192.168.1.194,57014.0,178.181.84.164,22.0,tcp,-,-,-,-,S0,-,-,0.0,S,1.0,40.0,0.0,0.0,PartOfAHorizontalPortScan
214503,1547066121.579447,C6XZkWjhhA4hGOMSk,192.168.1.194,45309.0,145.145.242.216,22.0,tcp,-,-,-,-,S0,-,-,0.0,S,1.0,40.0,0.0,0.0,PartOfAHorizontalPortScan
223630,1547066123.1393108,C2jM9bvjgHTQXm3Ed,192.168.1.194,36845.0,37.185.222.21,22.0,tcp,-,-,-,-,S0,-,-,0.0,S,1.0,40.0,0.0,0.0,PartOfAHorizontalPortScan
226589,1547066123.638777,CRfECT1zjVahtDrs5h,192.168.1.194,32986.0,16.108.228.29,22.0,tcp,-,-,-,-,S0,-,-,0.0,S,1.0,40.0,0.0,0.0,PartOfAHorizontalPortScan
228296,1547066123.9211118,CZJEVH35nWHkUwqo7c,192.168.1.194,46231.0,39.24.209.169,22.0,tcp,-,-,-,-,S0,-,-,0.0,S,1.0,40.0,0.0,0.0,PartOfAHorizontalPortScan
251974,1547066127.95981,CKG0Yp4I84W1ti7ul,192.168.1.194,60509.0,110.151.159.179,22.0,tcp,-,-,-,-,S0,-,-,0.0,S,1.0,40.0,0.0,0.0,PartOfAHorizontalPortScan
254685,1547066128.424297,CqWdF045QKkzuuIeWe,192.168.1.194,41809.0,6.37.141.226,22.0,tcp,-,-,-,-,S0,-,-,0.0,S,1.0,40.0,0.0,0.0,PartOfAHorizontalPortScan
274165,1547066131.7406561,CMQgopuI2CQYhPsb2,192.168.1.194,41385.0,208.5.11.60,22.0,tcp,-,-,-,-,S0,-,-,0.0,S,1.0,40.0,0.0,0.0,PartOfAHorizontalPortScan
284485,1547066133.486414,C3Kb882xzOi3NV7F5,192.168.1.194,57319.0,120.87.96.203,22.0,tcp,-,-,-,-,S0,-,-,0.0,S,1.0,40.0,0.0,0.0,PartOfAHorizontalPortScan
286310,1547066133.797233,Cy0YKz82woqdncAjb,192.168.1.194,57919.0,172.145.102.50,22.0,tcp,-,-,-,-,S0,-,-,0.0,S,1.0,40.0,0.0,0.0,PartOfAHorizontalPortScan
288374,1547066134.143539,CdbT1blD6dxHSlUR,192.168.1.194,46474.0,216.75.109.105,22.0,tcp,-,-,-,-,S0,-,-,0.0,S,1.0,40.0,0.0,0.0,PartOfAHorizontalPortScan
303676,1547066155.289482,CAB30m36L6d1O6ztKc,192.168.1.194,56287.0,189.84.94.57,22.0,tcp,-,-,-,-,S0,-,-,0.0,S,1.0,40.0,0.0,0.0,PartOfAHorizontalPortScan
316842,1547066157.560937,CRz00n2BpaKMZmZjE1,192.168.1.194,45441.0,59.108.94.211,22.0,tcp,-,-,-,-,S0,-,-,0.0,S,1.0,40.0,0.0,0.0,PartOfAHorizontalPortScan
322043,1547066158.4346929,C3vwqr2DDx6sGtDxI6,192.168.1.194,37242.0,30.34.172.182,22.0,tcp,-,-,-,-,S0,-,-,0.0,S,1.0,40.0,0.0,0.0,PartOfAHorizontalPortScan
325330,1547066158.984375,CjOxwi1uLAE0IDIsI4,192.168.1.194,43792.0,150.75.14.209,22.0,tcp,-,-,-,-,S0,-,-,0.0,S,1.0,40.0,0.0,0.0,PartOfAHorizontalPortScan
343977,1547066162.111097,COdCUu1Y4WvPQaaITj,192.168.1.194,52559.0,181.193.137.72,22.0,tcp,-,-,-,-,S0,-,-,0.0,S,1.0,40.0,0.0,0.0,PartOfAHorizontalPortScan
384914,1547066168.988923,Cho2Gx42wACweZ8Nn3,192.168.1.194,52882.0,12.168.61.121,22.0,tcp,-,-,-,-,S0,-,-,0.0,S,1.0,40.0,0.0,0.0,PartOfAHorizontalPortScan
391774,1547066170.1452641,CM9ciOuS7CL6RsG29,192.168.1.194,51443.0,178.103.172.202,22.0,tcp,-,-,-,-,S0,-,-,0.0,S,1.0,40.0,0.0,0.0,PartOfAHorizontalPortScan
399253,1547066171.3930528,CkCtF6375sdn0cvRYa,192.168.1.194,60804.0,136.19.181.41,22.0,tcp,-,-,-,-,S0,-,-,0.0,S,1.0,40.0,0.0,0.0,PartOfAHorizontalPortScan
405794,1547066191.588041,CA0kgl1Bjb1tgr8iu3,192.168.1.194,60489.0,91.28.200.120,22.0,tcp,-,-,-,-,S0,-,-,0.0,S,1.0,40.0,0.0,0.0,PartOfAHorizontalPortScan
410339,1547066192.403326,CiXRgC3k48CQshSIk7,192.168.1.194,47552.0,64.73.109.194,22.0,tcp,-,-,-,-,S0,-,-,0.0,S,1.0,40.0,0.0,0.0,PartOfAHorizontalPortScan
415845,1547066193.3322961,CvITaYNAYuVZyo4r6,192.168.1.194,36989.0,111.185.39.157,22.0,tcp,-,-,-,-,S0,-,-,0.0,S,1.0,40.0,0.0,0.0,PartOfAHorizontalPortScan
440033,1547066197.4931788,CyIDtX3BRfGRWresr9,192.168.1.194,47865.0,218.55.123.80,22.0,tcp,-,-,-,-,S0,-,-,0.0,S,1.0,40.0,0.0,0.0,PartOfAHorizontalPortScan
443872,1547066198.1323109,C6h8nf4CNVlYJMeCDk,192.168.1.194,35057.0,166.107.138.215,22.0,tcp,-,-,-,-,S0,-,-,0.0,S,1.0,40.0,0.0,0.0,PartOfAHorizontalPortScan
449741,1547066199.119998,CVD68F4Z6mexzz7Et8,192.168.1.194,34163.0,74.152.181.10,22.0,tcp,-,-,-,-,S0,-,-,0.0,S,1.0,40.0,0.0,0.0,PartOfAHorizontalPortScan
463335,1547066201.4214349,CKsx6a2a9EALdjmNoa,192.168.1.194,51664.0,29.10.98.71,22.0,tcp,-,-,-,-,S0,-,-,0.0,S,1.0,40.0,0.0,0.0,PartOfAHorizontalPortScan
470671,1547066202.667975,CBZ7Xv8vj9ff8lYD9,192.168.1.194,40014.0,159.31.225.73,22.0,tcp,-,-,-,-,S0,-,-,0.0,S,1.0,40.0,0.0,0.0,PartOfAHorizontalPortScan
486285,1547066205.289985,CTbHVn2H5WkRpUKo16,192.168.1.194,47130.0,84.62.165.223,22.0,tcp,-,-,-,-,S0,-,-,0.0,S,1.0,40.0,0.0,0.0,PartOfAHorizontalPortScan
1980,1547130832.363865,CKECLj1c8hQwEVc2S,192.168.1.197,52296.0,185.244.25.183,4975.0,tcp,-,-,-,-,S0,-,-,0.0,S,1.0,60.0,0.0,0.0,Benign
5979,1547144768.290559,C9pmNDG8wZfyrXLCl,192.168.1.198,22568.0,91.111.210.6,52869.0,tcp,-,-,-,-,S0,-,-,0.0,S,1.0,40.0,0.0,0.0,PartOfAHorizontalPortScan
7791,1547144770.3293982,CjiAqX2rDblQoMxb88,192.168.1.198,22568.0,45.88.96.216,52869.0,tcp,-,-,-,-,S0,-,-,0.0,S,1.0,40.0,0.0,0.0,PartOfAHorizontalPortScan
10750,1547144772.418206,CGEbCb1lREtebxakMj,192.168.1.198,22568.0,91.102.177.76,52869.0,tcp,-,-,-,-,S0,-,-,0.0,S,1.0,40.0,0.0,0.0,PartOfAHorizontalPortScan
14854,1547144775.522675,ClAkZVOGSZEkctaKe,192.168.1.198,22568.0,91.133.59.5,52869.0,tcp,-,-,-,-,S0,-,-,0.0,S,1.0,40.0,0.0,0.0,PartOfAHorizontalPortScan
56595,1547144802.817592,CrzLOaZD15yw96nXj,192.168.1.198,10803.0,83.187.46.121,23.0,tcp,-,-,-,-,S0,-,-,0.0,S,1.0,40.0,0.0,0.0,Benign
56960,1547144802.839336,CX0nkS2fx5gs5VDZS,192.168.1.198,54836.0,185.176.132.250,52869.0,tcp,-,-,-,-,S0,-,-,0.0,S,1.0,40.0,0.0,0.0,PartOfAHorizontalPortScan
75564,1547144807.01045,Cza147ql6xBjeWtoi,192.168.1.198,54836.0,45.60.176.244,52869.0,tcp,-,-,-,-,S0,-,-,0.0,S,1.0,40.0,0.0,0.0,PartOfAHorizontalPortScan
93074,1547144810.640136,CiuRszcGZ0eRQ9iBd,192.168.1.198,22568.0,45.49.199.244,52869.0,tcp,-,-,-,-,S0,-,-,0.0,S,1.0,40.0,0.0,0.0,PartOfAHorizontalPortScan
100316,1547144811.886674,CwEFdA42kF9RdzedEf,192.168.1.198,52458.0,80.87.222.241,23.0,tcp,-,-,-,-,S0,-,-,0.0,S,1.0,40.0,0.0,0.0,Benign
102153,1547144812.294685,CEBoTO3Mf13Y61RTAj,192.168.1.198,54836.0,91.129.100.30,52869.0,tcp,-,-,-,-,S0,-,-,0.0,S,1.0,40.0,0.0,0.0,PartOfAHorizontalPortScan
106150,1547144813.2361472,Cpg2Mg28NttEoDRSg2,192.168.1.198,24104.0,140.147.140.0,23.0,tcp,-,-,-,-,S0,-,-,0.0,S,1.0,40.0,0.0,0.0,Benign
117851,1547144815.4836311,CtLwi71ZesEaEajhc8,192.168.1.198,11315.0,91.131.217.55,52869.0,tcp,-,-,-,-,S0,-,-,0.0,S,1.0,40.0,0.0,0.0,PartOfAHorizontalPortScan
128560,1547144817.789557,CxIHhV2YtCn9wngCse,192.168.1.198,22568.0,45.217.74.63,52869.0,tcp,-,-,-,-,S0,-,-,0.0,S,1.0,40.0,0.0,0.0,PartOfAHorizontalPortScan
139474,1547144819.916291,CiXT2g3GCNLEcOJ9W2,192.168.1.198,54324.0,41.246.244.138,37215.0,tcp,-,-,-,-,S0,-,-,0.0,S,1.0,40.0,0.0,0.0,Okiru
141025,1547144820.248659,CggQlV3cIQJwxuyhNi,192.168.1.198,54580.0,53.135.42.177,23.0,tcp,-,-,-,-,S0,-,-,0.0,S,1.0,40.0,0.0,0.0,Benign
146967,1547144821.691332,C4OwMj3w7QHqallBva,192.168.1.198,54836.0,185.73.159.226,52869.0,tcp,-,-,-,-,S0,-,-,0.0,S,1.0,40.0,0.0,0.0,PartOfAHorizontalPortScan
149765,1547144822.072625,CABPuk38NJZHUv3jF,192.168.1.198,53994.0,185.128.211.127,52869.0,tcp,-,-,-,-,S0,-,-,0.0,S,1.0,40.0,0.0,0.0,PartOfAHorizontalPortScan
163276,1547144824.93747,CQ5Z3J3lkYaaDq73A2,192.168.1.198,11315.0,45.141.62.8,52869.0,tcp,-,-,-,-,S0,-,-,0.0,S,1.0,40.0,0.0,0.0,PartOfAHorizontalPortScan
194925,1547144831.26336,CegTUg2j2lBZgXQ4je,192.168.1.198,11315.0,185.116.132.242,52869.0,tcp,-,-,-,-,S0,-,-,0.0,S,1.0,40.0,0.0,0.0,PartOfAHorizontalPortScan
196319,1547144831.372823,C3Y74z3lcJsI6pN7w2,192.168.1.198,54580.0,5.143.199.225,23.0,tcp,-,-,-,-,S0,-,-,0.0,S,1.0,40.0,0.0,0.0,Benign
200297,1547144832.3275099,CbOFmn4IWRL2ti8Och,192.168.1.198,53994.0,45.137.119.98,52869.0,tcp,-,-,-,-,S0,-,-,0.0,S,1.0,40.0,0.0,0.0,PartOfAHorizontalPortScan
245532,1547144841.6482131,CiLXhy4uwfaNDwGnS2,192.168.1.198,54836.0,91.15.95.202,52869.0,tcp,-,-,-,-,S0,-,-,0.0,S,1.0,40.0,0.0,0.0,PartOfAHorizontalPortScan
253511,1547144843.613087,CJFT3u2hm0p1ro5ACj,192.168.1.198,54580.0,151.105.2.238,23.0,tcp,-,-,-,-,S0,-,-,0.0,S,1.0,40.0,0.0,0.0,Benign
265683,1547144845.887533,CZhHrk2WED4CVBvvgj,192.168.1.198,22568.0,91.98.24.35,52869.0,tcp,-,-,-,-,S0,-,-,0.0,S,1.0,40.0,0.0,0.0,PartOfAHorizontalPortScan
291110,1547144851.112823,C5Ewsi1bSGDdh1Q16j,192.168.1.198,11315.0,91.23.55.62,52869.0,tcp,-,-,-,-,S0,-,-,0.0,S,1.0,40.0,0.0,0.0,PartOfAHorizontalPortScan
336792,1547144860.620374,CGTzFY2lygfuvyLZ,192.168.1.198,22568.0,91.3.63.71,52869.0,tcp,-,-,-,-,S0,-,-,0.0,S,1.0,40.0,0.0,0.0,PartOfAHorizontalPortScan
352401,1547144863.7815552,ChZRsW3DxmwHJdYpLl,192.168.1.198,54836.0,45.177.37.139,52869.0,tcp,-,-,-,-,S0,-,-,0.0,S,1.0,40.0,0.0,0.0,PartOfAHorizontalPortScan
411794,1547144876.211462,CjwRYl22o7Rl5JJaPf,192.168.1.198,54580.0,24.61.78.179,23.0,tcp,-,-,-,-,S0,-,-,0.0,S,1.0,40.0,0.0,0.0,Benign
415481,1547144876.420603,CJcSu53RpV9XEpOWs5,192.168.1.198,53994.0,185.208.164.52,52869.0,tcp,-,-,-,-,S0,-,-,0.0,S,1.0,40.0,0.0,0.0,PartOfAHorizontalPortScan
419104,1547144877.431766,CRniAv2lm14U2n7N88,192.168.1.198,11315.0,185.218.125.121,52869.0,tcp,-,-,-,-,S0,-,-,0.0,S,1.0,40.0,0.0,0.0,PartOfAHorizontalPortScan
428334,1547144879.456861,CB7On14IrjDW1GJSdh,192.168.1.198,24104.0,41.89.97.213,23.0,tcp,-,-,-,-,S0,-,-,0.0,S,1.0,40.0,0.0,0.0,Benign
431311,1547144880.0215552,CduXFZ2wMxa5wjWPWa,192.168.1.198,24360.0,41.1.252.141,37215.0,tcp,-,-,-,-,S0,-,-,0.0,S,1.0,40.0,0.0,0.0,Okiru
437082,1547144881.344798,CK4OTP85sFkPXMjMa,192.168.1.198,11571.0,41.59.232.230,37215.0,tcp,-,-,-,-,S0,-,-,0.0,S,1.0,40.0,0.0,0.0,Okiru
444668,1547144882.66154,Chczxs1QCsEJq3WxB4,192.168.1.198,22568.0,185.46.17.30,52869.0,tcp,-,-,-,-,S0,-,-,0.0,S,1.0,40.0,0.0,0.0,PartOfAHorizontalPortScan
468124,1547144887.6501849,Ci7ijY2GdPVjmWv6E3,192.168.1.198,52458.0,183.10.42.103,23.0,tcp,-,-,-,-,S0,-,-,0.0,S,1.0,40.0,0.0,0.0,Benign
478342,1547144889.722269,CEuMcq3Yvf8jYkWalk,192.168.1.198,52458.0,131.36.205.6,23.0,tcp,-,-,-,-,S0,-,-,0.0,S,1.0,40.0,0.0,0.0,Benign
490949,1547144892.058429,CnylEgW33yULIcRDl,192.168.1.198,54836.0,91.136.236.3,52869.0,tcp,-,-,-,-,S0,-,-,0.0,S,1.0,40.0,0.0,0.0,PartOfAHorizontalPortScan
14220,1551377888.106714,C6B8gf3tEio7FhmEJi,192.168.1.200,54044.0,89.80.53.134,23.0,tcp,-,2e-06,0,0,S0,-,-,0.0,S,2.0,120.0,0.0,0.0,PartOfAHorizontalPortScan
29221,1551378040.432938,CVDSNwKftaB39vin3,192.168.1.200,40230.0,142.237.176.101,23.0,tcp,-,2e-06,0,0,S0,-,-,0.0,S,2.0,120.0,0.0,0.0,PartOfAHorizontalPortScan
32086,1551378070.907333,Cd6MPK3jtTwamc2Zm9,192.168.1.200,35110.0,143.67.98.75,23.0,tcp,-,2e-06,0,0,S0,-,-,0.0,S,2.0,120.0,0.0,0.0,PartOfAHorizontalPortScan
52275,1551378282.506003,CjyLYI3yBiCtnSgX33,192.168.1.200,57270.0,93.33.55.109,23.0,tcp,-,4e-06,0,0,S0,-,-,0.0,S,2.0,120.0,0.0,0.0,PartOfAHorizontalPortScan
83527,1551378603.151307,C5tvzt4Mt3CQKfFzg8,192.168.1.200,46088.0,102.76.52.35,23.0,tcp,-,2e-06,0,0,S0,-,-,0.0,S,2.0,120.0,0.0,0.0,PartOfAHorizontalPortScan
124474,1551379029.1459439,ClYDiR32cTTljiYkGl,192.168.1.200,43778.0,26.57.127.151,23.0,tcp,-,2e-06,0,0,S0,-,-,0.0,S,2.0,120.0,0.0,0.0,PartOfAHorizontalPortScan
128855,1551379074.671246,CFMP7y3BimkzF3Ajo3,192.168.1.200,34188.0,108.153.125.163,23.0,tcp,-,4e-06,0,0,S0,-,-,0.0,S,2.0,120.0,0.0,0.0,PartOfAHorizontalPortScan
131148,1551379097.9114132,Cbi1dV2Lh5woOA4Pbc,192.168.1.200,38732.0,200.249.212.180,23.0,tcp,-,3.1547,0,0,S0,-,-,0.0,S,6.0,360.0,0.0,0.0,PartOfAHorizontalPortScan
151320,1551379304.824987,CmdkDu28Pwrk3wBpSk,192.168.1.200,43078.0,203.182.189.193,23.0,tcp,-,2e-06,0,0,S0,-,-,0.0,S,2.0,120.0,0.0,0.0,PartOfAHorizontalPortScan
177633,1551379582.7443528,CKXByw4KfYGSJNNoy,192.168.1.200,47808.0,128.84.101.168,23.0,tcp,-,1e-06,0,0,S0,-,-,0.0,S,2.0,120.0,0.0,0.0,PartOfAHorizontalPortScan
181664,1551379622.587833,CxMMZY3JcdsIQxpG1g,192.168.1.200,35330.0,144.33.131.120,23.0,tcp,-,1e-06,0,0,S0,-,-,0.0,S,2.0,120.0,0.0,0.0,PartOfAHorizontalPortScan
213987,1551379957.0680869,CaPwy4ugWb3OPElej,192.168.1.200,33488.0,91.130.130.168,23.0,tcp,-,1e-06,0,0,S0,-,-,0.0,S,2.0,120.0,0.0,0.0,PartOfAHorizontalPortScan
235462,1551380178.38188,CkgpPh3hCcEoqwcvC8,192.168.1.200,44934.0,209.184.243.177,23.0,tcp,-,3.080996,0,0,S0,-,-,0.0,S,6.0,360.0,0.0,0.0,PartOfAHorizontalPortScan
246562,1551380292.182863,Cw5mdRWf8wVR7Op8g,192.168.1.200,51716.0,32.106.34.150,23.0,tcp,-,1e-06,0,0,S0,-,-,0.0,S,2.0,120.0,0.0,0.0,PartOfAHorizontalPortScan
262481,1551380459.222976,COck3E2zHkc5oAPUJb,192.168.1.200,49354.0,181.137.145.49,23.0,tcp,-,2e-06,0,0,S0,-,-,0.0,S,2.0,120.0,0.0,0.0,PartOfAHorizontalPortScan
276944,1551380555.191222,Cbrzbb1T4Rg8I1SfI6,192.168.1.200,123.0,147.231.100.5,123.0,udp,-,0.0022199999999999998,96,96,SF,-,-,0.0,Dd,2.0,152.0,2.0,152.0,Benign
290394,1551380748.3459868,C8WPQG2jEAG3JKuj2d,192.168.1.200,52862.0,184.152.55.177,23.0,tcp,-,2e-06,0,0,S0,-,-,0.0,S,2.0,120.0,0.0,0.0,PartOfAHorizontalPortScan
302314,1551380870.110765,CcSa0XuJtD3Z20X4a,192.168.1.200,34164.0,112.74.87.185,23.0,tcp,-,2e-06,0,0,S0,-,-,0.0,S,2.0,120.0,0.0,0.0,PartOfAHorizontalPortScan
317546,1551381030.2865212,CUTi4R3yLsLgXkpH0e,192.168.1.200,34180.0,103.141.154.56,23.0,tcp,-,3.095508,0,0,S0,-,-,0.0,S,6.0,360.0,0.0,0.0,PartOfAHorizontalPortScan
323640,1551381091.557368,CTJs923GJEVMp05RC6,192.168.1.200,47164.0,195.232.201.255,23.0,tcp,-,3.105029,0,0,S0,-,-,0.0,S,6.0,360.0,0.0,0.0,PartOfAHorizontalPortScan
335820,1551381219.62314,CLyAcX1xxCLZLZRcL1,192.168.1.200,35604.0,118.114.127.145,23.0,tcp,-,2e-06,0,0,S0,-,-,0.0,S,2.0,120.0,0.0,0.0,PartOfAHorizontalPortScan
360463,1551381471.918002,CX2RumK0m9DajqZ1g,192.168.1.200,42708.0,162.119.74.150,23.0,tcp,-,3.14871,0,0,S0,-,-,0.0,S,6.0,360.0,0.0,0.0,PartOfAHorizontalPortScan
429350,1551382187.574683,CRkECj3Osur7jOuipe,192.168.1.200,45898.0,168.159.165.105,23.0,tcp,-,3.089522,0,0,S0,-,-,0.0,S,6.0,360.0,0.0,0.0,PartOfAHorizontalPortScan
432683,1551382218.171278,ChOnVo3XnAOhHfutLl,192.168.1.200,37576.0,161.173.164.163,23.0,tcp,-,3.1362400000000004,0,0,S0,-,-,0.0,S,6.0,360.0,0.0,0.0,PartOfAHorizontalPortScan
433809,1551382233.200212,CW8unC3rlQ2IkoL669,192.168.1.200,36230.0,125.168.212.147,23.0,tcp,-,3.14423,0,0,S0,-,-,0.0,S,6.0,360.0,0.0,0.0,PartOfAHorizontalPortScan
440284,1551382300.584109,CnAjkh4BfyN8UlQi94,192.168.1.200,58460.0,138.106.149.147,23.0,tcp,-,2e-06,0,0,S0,-,-,0.0,S,2.0,120.0,0.0,0.0,PartOfAHorizontalPortScan
447456,1551382370.898543,C4xKAU2Fca2fD2PhM6,192.168.1.200,55046.0,88.122.63.46,23.0,tcp,-,3.126228,0,0,S0,-,-,0.0,S,6.0,360.0,0.0,0.0,PartOfAHorizontalPortScan
468792,1551382592.984058,CpaMDX2AteUljIimZ9,192.168.1.200,36160.0,86.116.161.107,23.0,tcp,-,2e-06,0,0,S0,-,-,0.0,S,2.0,120.0,0.0,0.0,PartOfAHorizontalPortScan
473294,1551382642.696734,CU4AHd1w4o8SI8ojv7,192.168.1.200,41008.0,134.214.75.166,23.0,tcp,-,3.087246,0,0,S0,-,-,0.0,S,6.0,360.0,0.0,0.0,PartOfAHorizontalPortScan
2851,1551383462.896519,CSx6NK3djbw8TzDpj9,192.168.1.193,30535.0,197.112.157.0,8081.0,tcp,-,6e-06,0,0,S0,-,-,0.0,S,2.0,80.0,0.0,0.0,PartOfAHorizontalPortScan
7102,1551383483.641116,CKKqwj139SeAc8aw09,192.168.1.193,30535.0,217.50.3.193,8081.0,tcp,-,0.000254,0,0,S0,-,-,0.0,S,4.0,160.0,0.0,0.0,PartOfAHorizontalPortScan
33940,1551383614.547302,CmXoLZVHdNter1bZ8,192.168.1.193,30535.0,197.254.145.75,8081.0,tcp,-,9e-06,0,0,S0,-,-,0.0,S,4.0,160.0,0.0,0.0,PartOfAHorizontalPortScan
36653,1551383627.9506211,C4QAyl2gt3Zziyb0Ab,192.168.1.193,24159.0,197.151.117.10,8081.0,tcp,-,5e-06,0,0,S0,-,-,0.0,S,2.0,80.0,0.0,0.0,PartOfAHorizontalPortScan
59994,1551383741.29445,CrilDa1vtstDFzSZNb,192.168.1.193,24159.0,217.204.114.161,8081.0,tcp,-,0.0005059999999999999,0,0,S0,-,-,0.0,S,6.0,240.0,0.0,0.0,PartOfAHorizontalPortScan
85749,1551383866.3353848,C56fYaqilgPkoTpHb,192.168.1.193,30535.0,217.150.143.136,8081.0,tcp,-,0.000505,0,0,S0,-,-,0.0,S,6.0,240.0,0.0,0.0,PartOfAHorizontalPortScan
97933,1551383925.636461,CL4eh52lHbEm08Xzxc,192.168.1.193,30535.0,217.135.137.202,8081.0,tcp,-,0.000508,0,0,S0,-,-,0.0,S,6.0,240.0,0.0,0.0,PartOfAHorizontalPortScan
121240,1551384039.789928,Crb7CJs0Q30hLH0q8,192.168.1.193,24159.0,217.209.117.226,8081.0,tcp,-,0.000254,0,0,S0,-,-,0.0,S,4.0,160.0,0.0,0.0,PartOfAHorizontalPortScan
122022,1551384043.1849859,CvMc7QP4Zr7V1dG01,192.168.1.193,30535.0,217.155.210.30,8081.0,tcp,-,5e-06,0,0,S0,-,-,0.0,S,2.0,80.0,0.0,0.0,PartOfAHorizontalPortScan
122334,1551384044.996451,CiGAss44aTSY1eXPh1,192.168.1.193,24159.0,197.153.72.74,8081.0,tcp,-,4e-06,0,0,S0,-,-,0.0,S,2.0,80.0,0.0,0.0,PartOfAHorizontalPortScan
130202,1551384082.721633,Cg7sHy45aLebXsIh9k,192.168.1.193,30535.0,217.1.243.211,8081.0,tcp,-,0.000256,0,0,S0,-,-,0.0,S,4.0,160.0,0.0,0.0,PartOfAHorizontalPortScan
139365,1551384127.171224,CW6VSm2uwv1hmONK68,192.168.1.193,24159.0,197.254.133.68,8081.0,tcp,-,5e-06,0,0,S0,-,-,0.0,S,2.0,80.0,0.0,0.0,PartOfAHorizontalPortScan
162536,1551384239.815349,CioEw041FqUbvVpov8,192.168.1.193,30535.0,217.66.61.71,8081.0,tcp,-,4e-06,0,0,S0,-,-,0.0,S,2.0,80.0,0.0,0.0,PartOfAHorizontalPortScan
166786,1551384260.595475,CuCcuI1zEQ9TOEC6q,192.168.1.193,30535.0,217.30.150.161,8081.0,tcp,-,5e-06,0,0,S0,-,-,0.0,S,2.0,80.0,0.0,0.0,PartOfAHorizontalPortScan
168052,1551384266.857397,CmF2p1bCNnmNFCLE,192.168.1.193,30535.0,197.231.19.184,8081.0,tcp,-,5e-06,0,0,S0,-,-,0.0,S,2.0,80.0,0.0,0.0,PartOfAHorizontalPortScan
174071,1551384296.667116,CVUPZ5eFmJsStRfMa,192.168.1.193,24159.0,197.7.43.92,8081.0,tcp,-,0.000254,0,0,S0,-,-,0.0,S,4.0,160.0,0.0,0.0,PartOfAHorizontalPortScan
176854,1551384309.533015,CzTrAc4vhV3K6SnJ9f,192.168.1.193,30535.0,197.108.217.91,8081.0,tcp,-,5e-06,0,0,S0,-,-,0.0,S,2.0,80.0,0.0,0.0,PartOfAHorizontalPortScan
185962,1551384354.251966,CnKHUo3gdo5bWBUmM9,192.168.1.193,30535.0,217.234.212.116,8081.0,tcp,-,5e-06,0,0,S0,-,-,0.0,S,2.0,80.0,0.0,0.0,PartOfAHorizontalPortScan
208294,1551384462.457657,C9fKiS2fmt27jYj6Lf,192.168.1.193,30535.0,217.118.173.155,8081.0,tcp,-,5e-06,0,0,S0,-,-,0.0,S,2.0,80.0,0.0,0.0,PartOfAHorizontalPortScan
216620,1551384503.002749,CUVaQS2Z06xzw9TMaj,192.168.1.193,30535.0,217.7.42.148,8081.0,tcp,-,8e-06,0,0,S0,-,-,0.0,S,4.0,160.0,0.0,0.0,PartOfAHorizontalPortScan
217681,1551384508.2200189,CCeqHw3vXZ04vORll6,192.168.1.193,30535.0,197.11.227.164,8081.0,tcp,-,4e-06,0,0,S0,-,-,0.0,S,2.0,80.0,0.0,0.0,PartOfAHorizontalPortScan
218206,1551384510.3313131,C3rsNd1H22lTQQA5bk,192.168.1.193,30535.0,217.225.215.49,8081.0,tcp,-,0.000254,0,0,S0,-,-,0.0,S,4.0,160.0,0.0,0.0,PartOfAHorizontalPortScan
229100,1551384564.00266,CAqrvBmdQTtBq5wik,192.168.1.193,24159.0,197.144.145.25,8081.0,tcp,-,5e-06,0,0,S0,-,-,0.0,S,2.0,80.0,0.0,0.0,PartOfAHorizontalPortScan
252775,1551384678.8100991,CHC1iG4nTx0Ph0yG53,192.168.1.193,30535.0,197.221.109.161,8081.0,tcp,-,5e-06,0,0,S0,-,-,0.0,S,2.0,80.0,0.0,0.0,PartOfAHorizontalPortScan
252835,1551384678.8308358,CmkXurbv8Q9nkhj52,192.168.1.193,30535.0,197.9.25.148,8081.0,tcp,-,4e-06,0,0,S0,-,-,0.0,S,2.0,80.0,0.0,0.0,PartOfAHorizontalPortScan
295671,1551384887.415992,CVGYzU2Y4eWxBGQZlb,192.168.1.193,24159.0,197.98.126.63,8081.0,tcp,-,6e-06,0,0,S0,-,-,0.0,S,2.0,80.0,0.0,0.0,PartOfAHorizontalPortScan
307786,1551384946.15396,CY5vQU20fZitVAL2nh,192.168.1.193,30535.0,217.157.90.206,8081.0,tcp,-,0.00025699999999999996,0,0,S0,-,-,0.0,S,6.0,240.0,0.0,0.0,PartOfAHorizontalPortScan
316146,1551384987.239002,CGLWm21EpKwkmpaMGe,192.168.1.193,24159.0,217.143.190.89,8081.0,tcp,-,5e-06,0,0,S0,-,-,0.0,S,2.0,80.0,0.0,0.0,PartOfAHorizontalPortScan
318104,1551384996.618648,CUBOLD4KRreoTIeDOf,192.168.1.193,24159.0,217.62.237.198,8081.0,tcp,-,4e-06,0,0,S0,-,-,0.0,S,2.0,80.0,0.0,0.0,PartOfAHorizontalPortScan
331132,1551385059.528983,C7bF3V25UihshXbk93,192.168.1.193,30535.0,197.48.249.200,8081.0,tcp,-,5e-06,0,0,S0,-,-,0.0,S,2.0,80.0,0.0,0.0,PartOfAHorizontalPortScan
350398,1551385154.162648,CcCm3abwyRqWZtvq2,192.168.1.193,30535.0,217.223.62.29,8081.0,tcp,-,5e-06,0,0,S0,-,-,0.0,S,2.0,80.0,0.0,0.0,PartOfAHorizontalPortScan
358059,1551385191.155694,CXHDx64oI71fFfDVge,192.168.1.193,24159.0,197.6.112.174,8081.0,tcp,-,0.000254,0,0,S0,-,-,0.0,S,4.0,160.0,0.0,0.0,PartOfAHorizontalPortScan
369616,1551385247.325711,CUYJGB4HLiEXnX0eFl,192.168.1.193,24159.0,197.143.171.0,8081.0,tcp,-,5e-06,0,0,S0,-,-,0.0,S,2.0,80.0,0.0,0.0,PartOfAHorizontalPortScan
372633,1551385261.9115279,CN6L091yX4XEp7775,192.168.1.193,24159.0,217.36.192.43,8081.0,tcp,-,5e-06,0,0,S0,-,-,0.0,S,2.0,80.0,0.0,0.0,PartOfAHorizontalPortScan
375347,1551385274.818534,Cw2Bs03KB03ZmGEMYh,192.168.1.193,30535.0,217.178.148.166,8081.0,tcp,-,5e-06,0,0,S0,-,-,0.0,S,2.0,80.0,0.0,0.0,PartOfAHorizontalPortScan
395141,1551385370.524998,CfiasO1BEJjClTL6x1,192.168.1.193,30535.0,197.63.233.201,8081.0,tcp,-,8e-06,0,0,S0,-,-,0.0,S,4.0,160.0,0.0,0.0,PartOfAHorizontalPortScan
397252,1551385381.493826,CiQwrU1RNBvtiqaFW6,192.168.1.193,24159.0,217.237.4.43,8081.0,tcp,-,5e-06,0,0,S0,-,-,0.0,S,2.0,80.0,0.0,0.0,PartOfAHorizontalPortScan
397703,1551385383.582401,C94Zss4Y8fXe0L78Vd,192.168.1.193,24159.0,217.172.36.192,8081.0,tcp,-,0.000259,0,0,S0,-,-,0.0,S,6.0,240.0,0.0,0.0,PartOfAHorizontalPortScan
400464,1551385397.096794,CIevGr4mhacyfx7vEc,192.168.1.193,24159.0,197.132.21.198,8081.0,tcp,-,8e-06,0,0,S0,-,-,0.0,S,4.0,160.0,0.0,0.0,PartOfAHorizontalPortScan
417174,1551385478.6668391,CVHRZR3m620i90255g,192.168.1.193,30535.0,197.156.115.91,8081.0,tcp,-,0.00025499999999999996,0,0,S0,-,-,0.0,S,4.0,160.0,0.0,0.0,PartOfAHorizontalPortScan
430383,1551385542.724955,CXS9oL2j8wpCuzpMS3,192.168.1.193,24159.0,217.150.239.116,8081.0,tcp,-,0.000251,0,0,S0,-,-,0.0,S,2.0,80.0,0.0,0.0,PartOfAHorizontalPortScan
443430,1551385606.574403,Ca0ITB4nxygbdRQsua,192.168.1.193,30535.0,217.62.236.199,8081.0,tcp,-,0.0005070000000000001,0,0,S0,-,-,0.0,S,10.0,400.0,0.0,0.0,PartOfAHorizontalPortScan
444872,1551385613.440025,CHrRax1X5uTVwY5Ubc,192.168.1.193,24159.0,197.155.97.174,8081.0,tcp,-,4e-06,0,0,S0,-,-,0.0,S,2.0,80.0,0.0,0.0,PartOfAHorizontalPortScan
450596,1551385641.5558882,CYPtmq2wKSjuEOMDBd,192.168.1.193,24159.0,197.255.122.142,8081.0,tcp,-,5e-06,0,0,S0,-,-,0.0,S,2.0,80.0,0.0,0.0,PartOfAHorizontalPortScan
456048,1551385667.926233,CsczWh3Fsa0sseAdVh,192.168.1.193,30535.0,217.122.149.3,8081.0,tcp,-,5e-06,0,0,S0,-,-,0.0,S,2.0,80.0,0.0,0.0,PartOfAHorizontalPortScan
462993,1551385701.857798,CidmKb1WaSUkSTSSKc,192.168.1.193,24159.0,197.184.152.84,8081.0,tcp,-,0.000256,0,0,S0,-,-,0.0,S,6.0,240.0,0.0,0.0,PartOfAHorizontalPortScan
485539,1551385811.44154,CJyrZd4ZM7XgP37Or6,192.168.1.193,30535.0,197.249.20.131,8081.0,tcp,-,0.0005070000000000001,0,0,S0,-,-,0.0,S,4.0,160.0,0.0,0.0,PartOfAHorizontalPortScan
631,1552047924.940369,ClcqQNOV7ErF3tYG1,192.168.1.197,63420.0,219.241.206.21,23.0,tcp,-,2e-06,0,0,S0,-,-,0.0,S,2.0,80.0,0.0,0.0,PartOfAHorizontalPortScan
12745,1552047957.546005,ClTwi02vv5187O8Xq8,192.168.1.197,63420.0,181.240.65.243,23.0,tcp,-,2e-06,0,0,S0,-,-,0.0,S,2.0,80.0,0.0,0.0,PartOfAHorizontalPortScan
15466,1552047964.679437,CpHZL01CiVBzlJflJ3,192.168.1.197,63420.0,203.164.97.124,23.0,tcp,-,1e-06,0,0,S0,-,-,0.0,S,2.0,80.0,0.0,0.0,PartOfAHorizontalPortScan
19955,1552047975.898272,CyaIko4tLQFgBeaaOh,192.168.1.197,63420.0,172.91.168.88,23.0,tcp,-,2e-06,0,0,S0,-,-,0.0,S,2.0,80.0,0.0,0.0,PartOfAHorizontalPortScan
20349,1552047976.9176939,CIy8Gc38KjHp2VZhxl,192.168.1.197,63420.0,205.161.167.14,23.0,tcp,-,2e-06,0,0,S0,-,-,0.0,S,2.0,80.0,0.0,0.0,PartOfAHorizontalPortScan
59978,1552048084.196957,C2MsKO1CxhvXSNXDk8,192.168.1.197,63420.0,142.11.129.249,23.0,tcp,-,6e-06,0,0,S0,-,-,0.0,S,2.0,80.0,0.0,0.0,PartOfAHorizontalPortScan
90582,1552048165.9672961,CHcThF1TTIQuIRkJq2,192.168.1.197,63420.0,72.57.157.124,23.0,tcp,-,6e-06,0,0,S0,-,-,0.0,S,2.0,80.0,0.0,0.0,PartOfAHorizontalPortScan
93535,1552048174.2335858,C7u46J38KtNdbsptVj,192.168.1.197,63420.0,107.250.12.38,23.0,tcp,-,2e-06,0,0,S0,-,-,0.0,S,2.0,80.0,0.0,0.0,PartOfAHorizontalPortScan
127212,1552048265.2726429,Cigm3cEM9efzNzI7l,192.168.1.197,63420.0,125.77.7.32,23.0,tcp,-,2e-06,0,0,S0,-,-,0.0,S,2.0,80.0,0.0,0.0,PartOfAHorizontalPortScan
134682,1552048284.949661,ChOAra40ZIxPjHVq7b,192.168.1.197,63420.0,186.141.190.52,23.0,tcp,-,2e-06,0,0,S0,-,-,0.0,S,2.0,80.0,0.0,0.0,PartOfAHorizontalPortScan
135885,1552048288.058388,Cg8A9x3jPmM3LBsExh,192.168.1.197,63420.0,218.205.152.157,2323.0,tcp,-,2e-06,0,0,S0,-,-,0.0,S,2.0,80.0,0.0,0.0,PartOfAHorizontalPortScan
145585,1552048314.937542,CJLUdA1uepV5FFeiz5,192.168.1.197,63420.0,116.188.2.116,23.0,tcp,-,6e-06,0,0,S0,-,-,0.0,S,2.0,80.0,0.0,0.0,PartOfAHorizontalPortScan
147159,1552048319.079686,Cl7paf3r7aOXPfVwJf,192.168.1.197,63420.0,133.221.222.2,23.0,tcp,-,2e-06,0,0,S0,-,-,0.0,S,2.0,80.0,0.0,0.0,PartOfAHorizontalPortScan
164509,1552048365.649367,Cr96iN1XbbapHxicj1,192.168.1.197,63420.0,20.253.247.74,23.0,tcp,-,2e-06,0,0,S0,-,-,0.0,S,2.0,80.0,0.0,0.0,PartOfAHorizontalPortScan
171192,1552048383.254322,CzecEH1CCGA2USecvj,192.168.1.197,63420.0,117.120.141.251,23.0,tcp,-,2e-06,0,0,S0,-,-,0.0,S,2.0,80.0,0.0,0.0,PartOfAHorizontalPortScan
176810,1552048398.766217,CheBwy2WD8lpRpmZF4,192.168.1.197,63420.0,64.86.41.149,23.0,tcp,-,2e-06,0,0,S0,-,-,0.0,S,2.0,80.0,0.0,0.0,PartOfAHorizontalPortScan
183995,1552048418.419503,CVYC0l2BegqIJFNww1,192.168.1.197,63420.0,134.54.242.57,23.0,tcp,-,2e-06,0,0,S0,-,-,0.0,S,2.0,80.0,0.0,0.0,PartOfAHorizontalPortScan
196028,1552048450.4959571,CmRLHe5Tp5Ph3DF44,192.168.1.197,63420.0,87.100.88.211,23.0,tcp,-,2e-06,0,0,S0,-,-,0.0,S,2.0,80.0,0.0,0.0,PartOfAHorizontalPortScan
229823,1552048541.576481,CXSjIa4lQPg6VuFSl1,192.168.1.197,63420.0,1.162.221.33,23.0,tcp,-,6e-06,0,0,S0,-,-,0.0,S,2.0,80.0,0.0,0.0,PartOfAHorizontalPortScan
235401,1552048556.083467,Cz1YwE1YAHNn7UpzK9,192.168.1.197,63420.0,124.14.138.9,23.0,tcp,-,2e-06,0,0,S0,-,-,0.0,S,2.0,80.0,0.0,0.0,PartOfAHorizontalPortScan
253888,1552048606.76855,CRMCn1dELPj2bhk3h,192.168.1.197,63420.0,58.28.175.126,23.0,tcp,-,2e-06,0,0,S0,-,-,0.0,S,2.0,80.0,0.0,0.0,PartOfAHorizontalPortScan
258759,1552048619.21169,CwbHrjTPy1VitaNAe,192.168.1.197,63420.0,60.202.120.6,23.0,tcp,-,5e-06,0,0,S0,-,-,0.0,S,2.0,80.0,0.0,0.0,PartOfAHorizontalPortScan
270790,1552048652.308816,CwKZET1zYTMGD6hEU5,192.168.1.197,63420.0,119.40.231.121,2323.0,tcp,-,2e-06,0,0,S0,-,-,0.0,S,2.0,80.0,0.0,0.0,PartOfAHorizontalPortScan
273204,1552048658.528772,CUueND4CPmvXNXHzbh,192.168.1.197,63420.0,131.100.71.33,2323.0,tcp,-,2e-06,0,0,S0,-,-,0.0,S,2.0,80.0,0.0,0.0,PartOfAHorizontalPortScan
286115,1552048693.686964,C6YLke22weFQg1L48e,192.168.1.197,63420.0,40.17.163.12,23.0,tcp,-,2e-06,0,0,S0,-,-,0.0,S,2.0,80.0,0.0,0.0,PartOfAHorizontalPortScan
289476,1552048701.993221,CRW9l4E3aEH5oycN7,192.168.1.197,63420.0,84.72.69.249,23.0,tcp,-,2e-06,0,0,S0,-,-,0.0,S,2.0,80.0,0.0,0.0,PartOfAHorizontalPortScan
294177,1552048714.4231288,Cc10H31zSza3JW6due,192.168.1.197,63420.0,130.227.165.101,23.0,tcp,-,2e-06,0,0,S0,-,-,0.0,S,2.0,80.0,0.0,0.0,PartOfAHorizontalPortScan
314763,1552048770.298995,CabuOe1mbm1GrBzSqd,192.168.1.197,63420.0,141.26.199.30,2323.0,tcp,-,6e-06,0,0,S0,-,-,0.0,S,2.0,80.0,0.0,0.0,PartOfAHorizontalPortScan
316687,1552048775.474302,COeE301ge6tRaohfB8,192.168.1.197,63420.0,91.13.38.91,23.0,tcp,-,2e-06,0,0,S0,-,-,0.0,S,2.0,80.0,0.0,0.0,PartOfAHorizontalPortScan
328111,1552048806.519093,Cn2PAb3gHQ4J4PaSTj,192.168.1.197,63420.0,45.67.219.40,23.0,tcp,-,2e-06,0,0,S0,-,-,0.0,S,2.0,80.0,0.0,0.0,PartOfAHorizontalPortScan
354778,1552048877.571507,C5MvzX3fVTeUbniYok,192.168.1.197,63420.0,4.23.198.16,23.0,tcp,-,2e-06,0,0,S0,-,-,0.0,S,2.0,80.0,0.0,0.0,PartOfAHorizontalPortScan
374531,1552048931.043052,C7cR4O1pf5QijWPw49,192.168.1.197,63420.0,162.185.176.194,23.0,tcp,-,2e-06,0,0,S0,-,-,0.0,S,2.0,80.0,0.0,0.0,PartOfAHorizontalPortScan
379414,1552048943.367385,C0x7TRDo4S0eUHpF8,192.168.1.197,63420.0,54.88.245.39,23.0,tcp,-,2e-06,0,0,S0,-,-,0.0,S,2.0,80.0,0.0,0.0,PartOfAHorizontalPortScan
380633,1552048947.4490972,CGNmwT33XLEUc4Lzcc,192.168.1.197,63420.0,204.253.77.10,23.0,tcp,-,2e-06,0,0,S0,-,-,0.0,S,2.0,80.0,0.0,0.0,PartOfAHorizontalPortScan
394243,1552048983.336949,CdEqIn463UPo84OFO1,192.168.1.197,63420.0,185.58.164.246,23.0,tcp,-,4e-06,0,0,S0,-,-,0.0,S,2.0,80.0,0.0,0.0,PartOfAHorizontalPortScan
404974,1552049012.0275948,CLPeF44psp6EsAHQOg,192.168.1.197,63420.0,62.212.190.16,23.0,tcp,-,2e-06,0,0,S0,-,-,0.0,S,2.0,80.0,0.0,0.0,PartOfAHorizontalPortScan
426376,1552049069.407833,CJG4Kf2K7sVqwKe3Ui,192.168.1.197,63420.0,129.12.198.163,23.0,tcp,-,1e-06,0,0,S0,-,-,0.0,S,2.0,80.0,0.0,0.0,PartOfAHorizontalPortScan
440927,1552049108.342903,CaAb4U1a73ehmIlDmg,192.168.1.197,63420.0,155.183.200.224,23.0,tcp,-,5e-06,0,0,S0,-,-,0.0,S,2.0,80.0,0.0,0.0,PartOfAHorizontalPortScan
442230,1552049111.433413,CU4dt94H7chBOLIz5,192.168.1.197,63420.0,92.68.55.2,23.0,tcp,-,6e-06,0,0,S0,-,-,0.0,S,2.0,80.0,0.0,0.0,PartOfAHorizontalPortScan
442520,1552049112.460092,CRYoz44Md3u7ypQ0ag,192.168.1.197,63420.0,50.70.217.71,23.0,tcp,-,2e-06,0,0,S0,-,-,0.0,S,2.0,80.0,0.0,0.0,PartOfAHorizontalPortScan
455031,1552049145.605914,C5y54s2Pd5QBdI7o9c,192.168.1.197,63420.0,109.40.248.29,23.0,tcp,-,6e-06,0,0,S0,-,-,0.0,S,2.0,80.0,0.0,0.0,PartOfAHorizontalPortScan
459711,1552049159.0333462,Cf1gfH2rfslFBs3tv3,192.168.1.197,63420.0,40.32.220.98,23.0,tcp,-,6e-06,0,0,S0,-,-,0.0,S,2.0,80.0,0.0,0.0,PartOfAHorizontalPortScan
477438,1552049206.419123,CoR2eh49YRhcqpPij9,192.168.1.197,63420.0,31.23.201.103,23.0,tcp,-,6e-06,0,0,S0,-,-,0.0,S,2.0,80.0,0.0,0.0,PartOfAHorizontalPortScan
494735,1552049252.567586,CkaoI4CR0Nclf4JB9,192.168.1.197,63420.0,137.116.201.52,23.0,tcp,-,2e-06,0,0,S0,-,-,0.0,S,2.0,80.0,0.0,0.0,PartOfAHorizontalPortScan
495935,1552049255.648851,CA40Ix4owW3A6ldCR6,192.168.1.197,63420.0,210.107.42.244,23.0,tcp,-,2e-06,0,0,S0,-,-,0.0,S,2.0,80.0,0.0,0.0,PartOfAHorizontalPortScan
2996,1569018199.112786,C1wziF3pAlaHzOk2C2,192.168.1.195,56207.0,162.248.88.215,62336.0,tcp,-,-,-,-,OTH,-,-,0.0,C,0.0,0.0,0.0,0.0,DDoS
4961,1569018199.7439651,CF3cGJ35ji7SIt0Of2,192.168.1.195,21944.0,162.248.88.215,62336.0,tcp,-,-,-,-,OTH,-,-,0.0,C,0.0,0.0,0.0,0.0,DDoS
26165,1569018200.047065,Cvq9FMQoc7yHIvWDi,192.168.1.195,45715.0,162.248.88.215,62336.0,tcp,-,-,-,-,OTH,-,-,0.0,C,0.0,0.0,0.0,0.0,DDoS
41412,1569018207.767122,CGLao33jG8p6KvLzJd,192.168.1.195,50987.0,162.248.88.215,62336.0,tcp,-,-,-,-,OTH,-,-,0.0,C,0.0,0.0,0.0,0.0,DDoS
53008,1569018204.686947,CMY9VI1lLz9METzo1g,192.168.1.195,56610.0,162.248.88.215,62336.0,tcp,-,-,-,-,OTH,-,-,0.0,C,0.0,0.0,0.0,0.0,DDoS
62515,1569018205.6532052,CiXKKN2GMBS6hK31xj,192.168.1.195,60613.0,162.248.88.215,62336.0,tcp,-,-,-,-,OTH,-,-,0.0,C,0.0,0.0,0.0,0.0,DDoS
62831,1569018210.686636,CoUrHU2zt71457o82f,192.168.1.195,30050.0,162.248.88.215,62336.0,tcp,-,-,-,-,OTH,-,-,0.0,C,0.0,0.0,0.0,0.0,DDoS
69694,1569018211.396024,Ce8t291ohqAfcOjGI7,192.168.1.195,33418.0,162.248.88.215,62336.0,tcp,-,-,-,-,OTH,-,-,0.0,C,0.0,0.0,0.0,0.0,DDoS
78464,1569018207.296114,CIu5M11yqs6yWFRV84,192.168.1.195,17651.0,162.248.88.215,62336.0,tcp,-,-,-,-,OTH,-,-,0.0,C,0.0,0.0,0.0,0.0,DDoS
91985,1569018212.349536,CvpDYn3CAyVSv1ngVj,192.168.1.195,39540.0,162.248.88.215,62336.0,tcp,-,-,-,-,OTH,-,-,0.0,C,0.0,0.0,0.0,0.0,DDoS
115505,1569018215.741057,CdAeoV1qdNFY8lrOqk,192.168.1.195,53717.0,162.248.88.215,62336.0,tcp,-,-,-,-,OTH,-,-,0.0,C,0.0,0.0,0.0,0.0,DDoS
124074,1569018216.455188,C4aeFOKYyZ1APkBV1,192.168.1.195,40033.0,162.248.88.215,62336.0,tcp,-,-,-,-,OTH,-,-,0.0,C,0.0,0.0,0.0,0.0,DDoS
146568,1569018218.309494,CDqSIl7dvDCQ1AJSf,192.168.1.195,45463.0,162.248.88.215,62336.0,tcp,-,-,-,-,OTH,-,-,0.0,C,0.0,0.0,0.0,0.0,DDoS
150061,1569018215.447705,CWqhcc3uq7rtlCDE38,192.168.1.195,14055.0,162.248.88.215,62336.0,tcp,-,-,-,-,OTH,-,-,0.0,C,0.0,0.0,0.0,0.0,DDoS
157171,1569018214.193846,CMGTEn1VCFxgYc3Xp3,192.168.1.195,25034.0,162.248.88.215,62336.0,tcp,-,-,-,-,OTH,-,-,0.0,C,0.0,0.0,0.0,0.0,DDoS
159177,1569018214.351264,CMga8b1rOHNE9jwlx6,192.168.1.195,28380.0,162.248.88.215,62336.0,tcp,-,-,-,-,OTH,-,-,0.0,C,0.0,0.0,0.0,0.0,DDoS
159416,1569018219.369705,CxXmJN1BrQnRI99u32,192.168.1.195,33993.0,162.248.88.215,62336.0,tcp,-,-,-,-,OTH,-,-,0.0,C,0.0,0.0,0.0,0.0,DDoS
167467,1569018216.591873,CLXYp2ZUkEdMSQNJ5,192.168.1.195,57211.0,162.248.88.215,62336.0,tcp,-,-,-,-,OTH,-,-,0.0,C,0.0,0.0,0.0,0.0,DDoS
171753,1569018215.381988,CSVTLH1Kq51bH8wepj,192.168.1.195,30094.0,162.248.88.215,62336.0,tcp,-,-,-,-,OTH,-,-,0.0,C,0.0,0.0,0.0,0.0,DDoS
175103,1569018220.663042,C3e7uW3Z658m3Bq96b,192.168.1.195,17323.0,162.248.88.215,62336.0,tcp,-,-,-,-,OTH,-,-,0.0,C,0.0,0.0,0.0,0.0,DDoS
185815,1569018221.537098,CQoKOFZLHikhnOJ07,192.168.1.195,24780.0,162.248.88.215,62336.0,tcp,-,-,-,-,OTH,-,-,0.0,C,0.0,0.0,0.0,0.0,DDoS
196972,1569018222.451382,Cwje294E9PAV2thCx5,192.168.1.195,1744.0,162.248.88.215,62336.0,tcp,-,-,-,-,OTH,-,-,0.0,C,0.0,0.0,0.0,0.0,DDoS
230892,1569018225.416364,COcabbahHhXF1rbi6,192.168.1.195,16439.0,162.248.88.215,62336.0,tcp,-,-,-,-,OTH,-,-,0.0,C,0.0,0.0,0.0,0.0,DDoS
268238,1569018226.263936,CwDlUC4myTwjkPEdxg,192.168.1.195,45374.0,162.248.88.215,62336.0,tcp,-,-,-,-,OTH,-,-,0.0,C,0.0,0.0,0.0,0.0,DDoS
276699,1569018229.174702,CoulCjiMZyJx77BPh,192.168.1.195,6445.0,162.248.88.215,62336.0,tcp,-,-,-,-,OTH,-,-,0.0,C,0.0,0.0,0.0,0.0,DDoS
301183,1569018231.251141,CvoIRl1DaePnaYdNo7,192.168.1.195,27931.0,162.248.88.215,62336.0,tcp,-,-,-,-,OTH,-,-,0.0,C,0.0,0.0,0.0,0.0,DDoS
301569,1569018226.285923,Cjxtxg16gjFsgAcJb7,192.168.1.195,30622.0,162.248.88.215,62336.0,tcp,-,-,-,-,OTH,-,-,0.0,C,0.0,0.0,0.0,0.0,DDoS
304297,1569018231.51775,CSDNrJ301SViSSu6k2,192.168.1.195,39298.0,162.248.88.215,62336.0,tcp,-,-,-,-,OTH,-,-,0.0,C,0.0,0.0,0.0,0.0,DDoS
304342,1569018231.521748,Cu5HcL1F9yCxdQjZI2,192.168.1.195,59474.0,162.248.88.215,62336.0,tcp,-,-,-,-,OTH,-,-,0.0,C,0.0,0.0,0.0,0.0,DDoS
307349,1569018229.005035,CoNpqD4TFExA4g0Pea,192.168.1.195,25784.0,162.248.88.215,62336.0,tcp,-,-,-,-,OTH,-,-,0.0,C,0.0,0.0,0.0,0.0,DDoS
311759,1569018232.125943,Cr9zCV2Q0TlBcLNqF2,192.168.1.195,6181.0,162.248.88.215,62336.0,tcp,-,-,-,-,OTH,-,-,0.0,C,0.0,0.0,0.0,0.0,DDoS
322613,1569018233.02498,CvNUft2v0HLnP6GcEk,192.168.1.195,21341.0,162.248.88.215,62336.0,tcp,-,-,-,-,OTH,-,-,0.0,C,0.0,0.0,0.0,0.0,DDoS
327711,1569018233.43552,CSSLAK2NSvLNMRB5Y9,192.168.1.195,58326.0,162.248.88.215,62336.0,tcp,-,-,-,-,OTH,-,-,0.0,C,0.0,0.0,0.0,0.0,DDoS
337686,1569018234.243858,Ctk8Sh3thZskNa1Gb4,192.168.1.195,20297.0,162.248.88.215,62336.0,tcp,-,-,-,-,OTH,-,-,0.0,C,0.0,0.0,0.0,0.0,DDoS
378387,1569018234.840056,Cx5PLvcdHkLdaJ2D4,192.168.1.195,24118.0,162.248.88.215,62336.0,tcp,-,-,-,-,OTH,-,-,0.0,C,0.0,0.0,0.0,0.0,DDoS
384411,1569018238.074902,Csx6FJ3vKdOxjezaPi,192.168.1.195,19446.0,162.248.88.215,62336.0,tcp,-,-,-,-,OTH,-,-,0.0,C,0.0,0.0,0.0,0.0,DDoS
393594,1569018238.8387609,Cte98DyoGhZHUUKA1,192.168.1.195,57877.0,162.248.88.215,62336.0,tcp,-,-,-,-,OTH,-,-,0.0,C,0.0,0.0,0.0,0.0,DDoS
407392,1569018234.96999,CynYOh4c1kwgkKD6Z5,192.168.1.195,48434.0,162.248.88.215,62336.0,tcp,-,-,-,-,OTH,-,-,0.0,C,0.0,0.0,0.0,0.0,DDoS
414472,1569018240.543641,C88EUc2mLkCz3wK1Hb,192.168.1.195,18283.0,162.248.88.215,62336.0,tcp,-,-,-,-,OTH,-,-,0.0,C,0.0,0.0,0.0,0.0,DDoS
421604,1569018236.128151,CpterO37SUxwRrni7a,192.168.1.195,30092.0,162.248.88.215,62336.0,tcp,-,-,-,-,OTH,-,-,0.0,C,0.0,0.0,0.0,0.0,DDoS
443355,1569018238.433221,CerBg69v9BthBNY8b,192.168.1.195,41736.0,162.248.88.215,62336.0,tcp,-,-,-,-,OTH,-,-,0.0,C,0.0,0.0,0.0,0.0,DDoS
444338,1569018243.548111,CYIq5X2cKsBAomcOoa,192.168.1.195,15964.0,162.248.88.215,62336.0,tcp,-,-,-,-,OTH,-,-,0.0,C,0.0,0.0,0.0,0.0,DDoS
444880,1569018238.618627,CHtY6V24Iyaryj8Wu3,192.168.1.195,25787.0,162.248.88.215,62336.0,tcp,-,-,-,-,OTH,-,-,0.0,C,0.0,0.0,0.0,0.0,DDoS
469049,1569018241.6195939,CtEw9s4HEAGVHOuYC9,192.168.1.195,39900.0,162.248.88.215,62336.0,tcp,-,-,-,-,OTH,-,-,0.0,C,0.0,0.0,0.0,0.0,DDoS
470047,1569018246.746723,CFzABH3XFSpCgjzV7l,192.168.1.195,30472.0,162.248.88.215,62336.0,tcp,-,-,-,-,OTH,-,-,0.0,C,0.0,0.0,0.0,0.0,DDoS
483131,1569018243.905926,CUswy04YFbEAvUGEd3,192.168.1.195,60344.0,162.248.88.215,62336.0,tcp,-,-,-,-,OTH,-,-,0.0,C,0.0,0.0,0.0,0.0,DDoS
488918,1569018249.9016118,CgfvXp1MgoPltlSaU5,192.168.1.195,34951.0,162.248.88.215,62336.0,tcp,-,-,-,-,OTH,-,-,0.0,C,0.0,0.0,0.0,0.0,DDoS
4103,1532101364.633713,C8soOr35IIR3yRgxLb,192.168.100.108,5526.0,73.56.45.58,37215.0,tcp,-,-,-,-,S0,-,-,0.0,S,1.0,40.0,0.0,0.0,Okiru
8130,1532101390.568175,CI6cuILtTCytj0ZZ2,192.168.100.108,5526.0,94.165.191.105,37215.0,tcp,-,-,-,-,S0,-,-,0.0,S,1.0,40.0,0.0,0.0,Okiru
15240,1532101436.187666,CzD16m2i2GXmbEEwb6,192.168.100.108,5526.0,4.205.72.227,37215.0,tcp,-,-,-,-,S0,-,-,0.0,S,1.0,40.0,0.0,0.0,Okiru
24112,1532101493.3041039,C1L2UcFQXxfeHa6t5,192.168.100.108,5526.0,31.170.232.167,37215.0,tcp,-,-,-,-,S0,-,-,0.0,S,1.0,40.0,0.0,0.0,Okiru
48646,1532101651.6045961,CSw4KZ2gE65ie4iLj5,192.168.100.108,5526.0,172.59.120.27,37215.0,tcp,-,-,-,-,S0,-,-,0.0,S,1.0,40.0,0.0,0.0,Okiru
56234,1532101701.427439,CrOuqW1MvDzi2Uk7Cc,192.168.100.108,5526.0,206.173.175.190,37215.0,tcp,-,-,-,-,S0,-,-,0.0,S,1.0,40.0,0.0,0.0,Okiru
74006,1532101815.789983,CmBXAG1Unk0RZuOzhj,192.168.100.108,5526.0,125.109.134.213,37215.0,tcp,-,-,-,-,S0,-,-,0.0,S,1.0,40.0,0.0,0.0,Okiru
88405,1532101909.282927,CBDTVT3RGTYeaIqTv5,192.168.100.108,5526.0,153.100.111.89,37215.0,tcp,-,-,-,-,S0,-,-,0.0,S,1.0,40.0,0.0,0.0,Okiru
89127,1532101914.45548,C9ThMA2KrYFn4Gmf1,192.168.100.108,5526.0,220.144.126.49,37215.0,tcp,-,-,-,-,S0,-,-,0.0,S,1.0,40.0,0.0,0.0,Okiru
95939,1532101958.1150858,CIIT614KfiMYf3IE4a,192.168.100.108,5526.0,222.231.109.30,37215.0,tcp,-,-,-,-,S0,-,-,0.0,S,1.0,40.0,0.0,0.0,Okiru
103625,1532102008.0348759,CnFKwD75joo0sP5eg,192.168.100.108,5526.0,52.113.25.148,37215.0,tcp,-,-,-,-,S0,-,-,0.0,S,1.0,40.0,0.0,0.0,Okiru
107965,1532102036.095629,CDVfGh2qD1oIQ2kAm5,192.168.100.108,5526.0,24.179.35.64,37215.0,tcp,-,-,-,-,S0,-,-,0.0,S,1.0,40.0,0.0,0.0,Okiru
109863,1532102048.574014,CiVDFj4GU6eppbyuce,192.168.100.108,5526.0,65.41.56.1,37215.0,tcp,-,-,-,-,S0,-,-,0.0,S,1.0,40.0,0.0,0.0,Okiru
118296,1532102103.60389,CSP171WTos1AFF1gc,192.168.100.108,5526.0,35.249.184.94,37215.0,tcp,-,-,-,-,S0,-,-,0.0,S,1.0,40.0,0.0,0.0,Okiru
121041,1532102121.2538269,CBxI3iKAOHKcJIcN9,192.168.100.108,5526.0,195.93.61.243,37215.0,tcp,-,-,-,-,S0,-,-,0.0,S,1.0,40.0,0.0,0.0,Okiru
125602,1532102150.376223,Ck8UlBCEF3LOVjG9k,192.168.100.108,5526.0,58.237.215.1,37215.0,tcp,-,-,-,-,S0,-,-,0.0,S,1.0,40.0,0.0,0.0,Okiru
129500,1532102175.3177528,Co3vQU1pu7QYrCHpFg,192.168.100.108,5526.0,85.192.167.6,37215.0,tcp,-,-,-,-,S0,-,-,0.0,S,1.0,40.0,0.0,0.0,Okiru
140966,1532102250.105145,CPWmUh2yGOtPzW5Thk,192.168.100.108,5526.0,213.108.186.246,37215.0,tcp,-,-,-,-,S0,-,-,0.0,S,1.0,40.0,0.0,0.0,Okiru
142254,1532102258.430651,CGqp1w1qL4JMeljxUl,192.168.100.108,5526.0,141.69.89.164,37215.0,tcp,-,-,-,-,S0,-,-,0.0,S,1.0,40.0,0.0,0.0,Okiru
185228,1532102536.940948,CJcvPf1rSjIxXli6Xh,192.168.100.108,5526.0,12.241.33.98,37215.0,tcp,-,-,-,-,S0,-,-,0.0,S,1.0,40.0,0.0,0.0,Okiru
189639,1532102565.012451,CsMYo92maZJRKEane5,192.168.100.108,5526.0,18.12.101.244,37215.0,tcp,-,-,-,-,S0,-,-,0.0,S,1.0,40.0,0.0,0.0,Okiru
227127,1532102808.1798651,C4N60e1qbmNPoFxte,192.168.100.108,5526.0,91.162.232.159,37215.0,tcp,-,-,-,-,S0,-,-,0.0,S,1.0,40.0,0.0,0.0,Okiru
227652,1532102812.306761,CK8tRQ31jkMeovMh13,192.168.100.108,5526.0,46.140.235.216,37215.0,tcp,-,-,-,-,S0,-,-,0.0,S,1.0,40.0,0.0,0.0,Okiru
249389,1532102952.641776,CKmbMWF5HewKWeD41,192.168.100.108,5526.0,120.142.25.73,37215.0,tcp,-,-,-,-,S0,-,-,0.0,S,1.0,40.0,0.0,0.0,Okiru
252326,1532102971.367108,Ce3eAm3i6Mj3cEhtKf,192.168.100.108,5526.0,4.98.184.64,37215.0,tcp,-,-,-,-,S0,-,-,0.0,S,1.0,40.0,0.0,0.0,Okiru
256526,1532102999.391632,CZZzot2F1Xo7fq3tT7,192.168.100.108,5526.0,221.153.175.176,37215.0,tcp,-,-,-,-,S0,-,-,0.0,S,1.0,40.0,0.0,0.0,Okiru
275568,1532103122.0971859,C5YLjx2fsUPJZWUTGg,192.168.100.108,5526.0,63.78.106.35,37215.0,tcp,-,-,-,-,S0,-,-,0.0,S,1.0,40.0,0.0,0.0,Okiru
284455,1532103180.314749,CPEYQu1r3lsolREXOh,192.168.100.108,5526.0,174.237.83.234,37215.0,tcp,-,-,-,-,S0,-,-,0.0,S,1.0,40.0,0.0,0.0,Okiru
286598,1532103193.8295438,CEkNYH1A4jGYJdvTyi,192.168.100.108,5526.0,212.73.105.215,37215.0,tcp,-,-,-,-,S0,-,-,0.0,S,1.0,40.0,0.0,0.0,Okiru
332687,1532103493.143922,CBqvZo4QQTD7Dg6OTg,192.168.100.108,5526.0,149.209.14.45,37215.0,tcp,-,-,-,-,S0,-,-,0.0,S,1.0,40.0,0.0,0.0,Okiru
337270,1532103522.287807,C4Jydv1UXfJWNdWoA5,192.168.100.108,5526.0,96.59.52.95,37215.0,tcp,-,-,-,-,S0,-,-,0.0,S,1.0,40.0,0.0,0.0,Okiru
344412,1532103569.067389,CXGouc3ZEnzUMWGAH,192.168.100.108,5526.0,122.163.207.159,37215.0,tcp,-,-,-,-,S0,-,-,0.0,S,1.0,40.0,0.0,0.0,Okiru
361714,1532103681.337884,C5M18G1cD0i77hZO47,192.168.100.108,5526.0,104.145.166.58,37215.0,tcp,-,-,-,-,S0,-,-,0.0,S,1.0,40.0,0.0,0.0,Okiru
368869,1532103727.097546,Cuj9wWQls6NlEIRV2,192.168.100.108,5526.0,118.46.180.114,37215.0,tcp,-,-,-,-,S0,-,-,0.0,S,1.0,40.0,0.0,0.0,Okiru
369502,1532103731.25143,Ca07jET5usZsxpR18,192.168.100.108,5526.0,166.16.245.38,37215.0,tcp,-,-,-,-,S0,-,-,0.0,S,1.0,40.0,0.0,0.0,Okiru
369980,1532103734.365903,Cw1dAM1ZrO5mMAPKo4,192.168.100.108,5526.0,1.67.86.101,37215.0,tcp,-,-,-,-,S0,-,-,0.0,S,1.0,40.0,0.0,0.0,Okiru
392384,1532103879.890442,CfxwEP193OZVppU42d,192.168.100.108,5526.0,140.3.153.34,37215.0,tcp,-,-,-,-,S0,-,-,0.0,S,1.0,40.0,0.0,0.0,Okiru
394468,1532103893.3939939,COtBiu1xdt2GE7qdql,192.168.100.108,5526.0,147.65.83.214,37215.0,tcp,-,-,-,-,S0,-,-,0.0,S,1.0,40.0,0.0,0.0,Okiru
395253,1532103898.5840359,CJN1Fz3O2YyfmxUUnf,192.168.100.108,5526.0,19.230.178.2,37215.0,tcp,-,-,-,-,S0,-,-,0.0,S,1.0,40.0,0.0,0.0,Okiru
415379,1532104028.5394552,CvgCEx47xay97GrGId,192.168.100.108,5526.0,58.92.183.201,37215.0,tcp,-,-,-,-,S0,-,-,0.0,S,1.0,40.0,0.0,0.0,Okiru
418789,1532104050.388497,ChRVhB19e0Dwpjx7wb,192.168.100.108,5526.0,130.80.144.192,37215.0,tcp,-,-,-,-,S0,-,-,0.0,S,1.0,40.0,0.0,0.0,Okiru
429988,1532104123.152268,CAblNq3XoVNlwj7Xtl,192.168.100.108,5526.0,45.225.219.165,37215.0,tcp,-,-,-,-,S0,-,-,0.0,S,1.0,40.0,0.0,0.0,Okiru
433895,1532104149.150194,CdmqRg21dgTmZpwePc,192.168.100.108,5526.0,168.46.58.244,37215.0,tcp,-,-,-,-,S0,-,-,0.0,S,1.0,40.0,0.0,0.0,Okiru
442171,1532104202.171468,CrwTgx9qFkntXqvrk,192.168.100.108,5526.0,165.215.113.136,37215.0,tcp,-,-,-,-,S0,-,-,0.0,S,1.0,40.0,0.0,0.0,Okiru
452701,1532104270.7618759,CT7F5n48bF7G0f0wQ1,192.168.100.108,5526.0,38.111.98.192,37215.0,tcp,-,-,-,-,S0,-,-,0.0,S,1.0,40.0,0.0,0.0,Okiru
462373,1532104333.137584,CJWBcb1eMXNunA28t1,192.168.100.108,5526.0,112.126.142.63,37215.0,tcp,-,-,-,-,S0,-,-,0.0,S,1.0,40.0,0.0,0.0,Okiru
469470,1532104378.892012,CQmHb53RZHGR6fRqbh,192.168.100.108,5526.0,155.187.206.227,37215.0,tcp,-,-,-,-,S0,-,-,0.0,S,1.0,40.0,0.0,0.0,Okiru
488862,1532104504.722307,CBVTL81N2kdiSpiav6,192.168.100.108,5526.0,92.201.32.254,37215.0,tcp,-,-,-,-,S0,-,-,0.0,S,1.0,40.0,0.0,0.0,Okiru
490274,1532104514.062484,ChZ9g02brFHRMULlGe,192.168.100.108,5526.0,41.132.201.156,37215.0,tcp,-,-,-,-,S0,-,-,0.0,S,1.0,40.0,0.0,0.0,Okiru
494747,1532104543.1606529,CDNMZ24HjojdjAKI19,192.168.100.108,5526.0,4.51.173.124,37215.0,tcp,-,-,-,-,S0,-,-,0.0,S,1.0,40.0,0.0,0.0,Okiru
2784,1533068587.054849,C24HgAifYq3tOwAP8,192.168.100.113,44400.0,178.128.185.250,50.0,tcp,-,-,-,-,S0,-,-,0.0,S,1.0,60.0,0.0,0.0,C&C
4261,1533079948.471260,CktjBW2rKxLqLRx821,192.168.100.113,123.0,147.231.100.5,123.0,udp,-,0.001747,48,48,SF,-,-,0.0,Dd,1.0,76.0,1.0,76.0,Benign
343,1532524053.122794,CEQ2Pj3YtRTHUOyWDd,192.168.100.111,29930.0,191.185.225.199,64215.0,udp,-,39.127193,459,392,SF,-,-,0.0,Dd,3.0,543.0,2.0,448.0,Benign
15379,1532525444.009379,CeCM6p4l2aGeEUqPEk,192.168.100.111,43166.0,143.85.110.80,23.0,tcp,-,-,-,-,S0,-,-,0.0,S,1.0,40.0,0.0,0.0,PartOfAHorizontalPortScan
23985,1532525511.007284,CxyXoW3FX3kSADke83,192.168.100.111,28522.0,92.102.223.41,23.0,tcp,-,-,-,-,S0,-,-,0.0,S,1.0,40.0,0.0,0.0,PartOfAHorizontalPortScan
38161,1532525622.001898,CJY3BD4miGDcTCeOhj,192.168.100.111,30409.0,123.44.199.51,81.0,tcp,-,-,-,-,S0,-,-,0.0,S,1.0,40.0,0.0,0.0,PartOfAHorizontalPortScan
42074,1532525652.007832,CYXsPCQzJPslJ9bL5,192.168.100.111,12742.0,95.159.156.232,23.0,tcp,-,-,-,-,S0,-,-,0.0,S,1.0,40.0,0.0,0.0,PartOfAHorizontalPortScan
44593,1532525672.0047061,CXbYSy1KpJ0Zo9sJF,192.168.100.111,65360.0,216.207.10.219,81.0,tcp,-,-,-,-,S0,-,-,0.0,S,1.0,40.0,0.0,0.0,PartOfAHorizontalPortScan
69758,1532525867.008262,ClrNiK2eeL4A7CYQba,192.168.100.111,49604.0,83.183.199.89,23.0,tcp,-,-,-,-,S0,-,-,0.0,S,1.0,40.0,0.0,0.0,PartOfAHorizontalPortScan
103472,1532526129.007637,CE733m3UNYoClMnWBi,192.168.100.111,10927.0,146.174.142.64,23.0,tcp,-,-,-,-,S0,-,-,0.0,S,1.0,40.0,0.0,0.0,PartOfAHorizontalPortScan
110481,1532526184.005086,CeQJhw1BcDz13KmULa,192.168.100.111,58440.0,196.51.163.134,81.0,tcp,-,-,-,-,S0,-,-,0.0,S,1.0,40.0,0.0,0.0,PartOfAHorizontalPortScan
112167,1532526197.007682,CkpFUf4QbhcA07Poz3,192.168.100.111,59889.0,141.129.24.73,23.0,tcp,-,-,-,-,S0,-,-,0.0,S,1.0,40.0,0.0,0.0,PartOfAHorizontalPortScan
148707,1532526481.006762,CSqFRFY3BEgLdgEUh,192.168.100.111,49849.0,170.86.20.20,23.0,tcp,-,-,-,-,S0,-,-,0.0,S,1.0,40.0,0.0,0.0,PartOfAHorizontalPortScan
154689,1532526528.0040052,CEUruY3eH7kkw459dd,192.168.100.111,41777.0,45.108.175.105,81.0,tcp,-,-,-,-,S0,-,-,0.0,S,1.0,40.0,0.0,0.0,PartOfAHorizontalPortScan
161241,1532526579.005709,C9HPrF25YDAJ7SxMNg,192.168.100.111,48887.0,181.202.47.107,81.0,tcp,-,-,-,-,S0,-,-,0.0,S,1.0,40.0,0.0,0.0,PartOfAHorizontalPortScan
165503,1532526612.002677,CQuKGqXpbJBDb1Hua,192.168.100.111,1007.0,100.12.75.168,81.0,tcp,-,-,-,-,S0,-,-,0.0,S,1.0,40.0,0.0,0.0,PartOfAHorizontalPortScan
200580,1532526885.005967,COg3Xt3FCTR1ycZa56,192.168.100.111,49388.0,36.178.54.99,81.0,tcp,-,-,-,-,S0,-,-,0.0,S,1.0,40.0,0.0,0.0,PartOfAHorizontalPortScan
202747,1532526902.0062811,CwQY713g4DrvoMWtJ6,192.168.100.111,12252.0,80.245.108.70,81.0,tcp,-,-,-,-,S0,-,-,0.0,S,1.0,40.0,0.0,0.0,PartOfAHorizontalPortScan
219923,1532527036.002875,CuI6au3QympywsFaMd,192.168.100.111,22220.0,156.48.202.247,81.0,tcp,-,-,-,-,S0,-,-,0.0,S,1.0,40.0,0.0,0.0,PartOfAHorizontalPortScan
221829,1532527050.007131,CCuKkG2DAwKe3Vwala,192.168.100.111,53850.0,95.90.94.58,23.0,tcp,-,-,-,-,S0,-,-,0.0,S,1.0,40.0,0.0,0.0,PartOfAHorizontalPortScan
257616,1532527329.004091,CCiVWM2ChDNvw07Nic,192.168.100.111,36699.0,54.70.75.227,81.0,tcp,-,-,-,-,S0,-,-,0.0,S,1.0,40.0,0.0,0.0,PartOfAHorizontalPortScan
262435,1532527366.0070019,CroX5o24tn8LT5fkTf,192.168.100.111,63685.0,187.12.40.66,23.0,tcp,-,-,-,-,S0,-,-,0.0,S,1.0,40.0,0.0,0.0,PartOfAHorizontalPortScan
270752,1532527431.006706,C0oHub17FwcEWX4dw5,192.168.100.111,12247.0,174.38.67.209,23.0,tcp,-,-,-,-,S0,-,-,0.0,S,1.0,40.0,0.0,0.0,PartOfAHorizontalPortScan
283491,1532527530.007283,Cb8YhrqWefJDRsyy9,192.168.100.111,59109.0,32.112.120.100,23.0,tcp,-,-,-,-,S0,-,-,0.0,S,1.0,40.0,0.0,0.0,PartOfAHorizontalPortScan
297586,1532527640.005588,CJJ9xb3BAbifSyMGD1,192.168.100.111,33240.0,4.90.203.176,23.0,tcp,-,-,-,-,S0,-,-,0.0,S,1.0,40.0,0.0,0.0,PartOfAHorizontalPortScan
301315,1532527669.008807,COWShD2gMzHB0W9d1l,192.168.100.111,9079.0,210.3.119.246,23.0,tcp,-,-,-,-,S0,-,-,0.0,S,1.0,40.0,0.0,0.0,PartOfAHorizontalPortScan
311032,1532527745.008006,CVWr3I1NnHk4r3Pqhb,192.168.100.111,6277.0,120.130.221.170,23.0,tcp,-,-,-,-,S0,-,-,0.0,S,1.0,40.0,0.0,0.0,PartOfAHorizontalPortScan
324160,1532527847.009624,CdPAMW2eoSC1Ay6Hi5,192.168.100.111,7791.0,88.121.69.204,23.0,tcp,-,-,-,-,S0,-,-,0.0,S,1.0,40.0,0.0,0.0,PartOfAHorizontalPortScan
337155,1532527949.004267,CluChtanO2AiQiGi1,192.168.100.111,27188.0,172.236.182.115,81.0,tcp,-,-,-,-,S0,-,-,0.0,S,1.0,40.0,0.0,0.0,PartOfAHorizontalPortScan
365663,1532528171.005021,CoiCua2U9DQWWe4FUg,192.168.100.111,17203.0,76.253.97.36,81.0,tcp,-,-,-,-,S0,-,-,0.0,S,1.0,40.0,0.0,0.0,PartOfAHorizontalPortScan
379329,1532528279.005242,CJQGlm2OcUryENCEA9,192.168.100.111,50077.0,217.191.121.238,81.0,tcp,-,-,-,-,S0,-,-,0.0,S,1.0,40.0,0.0,0.0,PartOfAHorizontalPortScan
401367,1532528454.002285,CnIYNw40Aw2y8Bdga,192.168.100.111,28907.0,147.32.26.159,23.0,tcp,-,-,-,-,S0,-,-,0.0,S,1.0,40.0,0.0,0.0,PartOfAHorizontalPortScan
410062,1532528523.001972,Cyg9CQ12g0WptETQAa,192.168.100.111,44485.0,147.32.217.1,23.0,tcp,-,-,-,-,S0,-,-,0.0,S,1.0,40.0,0.0,0.0,PartOfAHorizontalPortScan
421637,1532528614.0056279,C3OMle2GY7lfGfCzVc,192.168.100.111,57718.0,102.39.111.86,23.0,tcp,-,-,-,-,S0,-,-,0.0,S,1.0,40.0,0.0,0.0,PartOfAHorizontalPortScan
435521,1532528724.009209,CiAMwn1PLVCxD6cmp4,192.168.100.111,56830.0,110.129.106.92,23.0,tcp,-,-,-,-,S0,-,-,0.0,S,1.0,40.0,0.0,0.0,PartOfAHorizontalPortScan
448063,1532528824.003988,CDawdgpoLNI9YCic,192.168.100.111,33583.0,147.32.130.43,23.0,tcp,-,-,-,-,S0,-,-,0.0,S,1.0,40.0,0.0,0.0,PartOfAHorizontalPortScan
452694,1532528860.0064778,CZZbAZ1vbI1Q4WlNzc,192.168.100.111,10682.0,119.209.6.240,23.0,tcp,-,-,-,-,S0,-,-,0.0,S,1.0,40.0,0.0,0.0,PartOfAHorizontalPortScan
494090,1532529188.004037,C783nt1JzLZ099g31g,192.168.100.111,53702.0,52.161.78.44,81.0,tcp,-,-,-,-,S0,-,-,0.0,S,1.0,40.0,0.0,0.0,PartOfAHorizontalPortScan
